"bcr_patient_uuid","bcr_patient_barcode","form_completion_date","histologic_diagnosis","tumor_grade","prospective_collection","retrospective_collection","gender","birth_days_to","race","ethnicity","tumor_sample_procurement_country","cancer_procurement_city","history_other_malignancy","history_neoadjuvant_treatment","initial_pathologic_dx_year","lymph_nodes_examined","lymph_nodes_examined_count","lymph_nodes_examined_he_count","residual_tumor","ajcc_staging_edition","ajcc_tumor_pathologic_pt","ajcc_nodes_pathologic_pn","ajcc_metastasis_pathologic_pm","ajcc_pathologic_tumor_stage","vital_status","last_contact_days_to","death_days_to","tumor_status","cause_of_death","history_reflux_disease_indicator","antireflux_treatment","family_history_of_stomach_cancer","number_of_relatives_with_stomach_cancer","radiation_treatment_adjuvant","pharmaceutical_tx_adjuvant","treatment_outcome_first_course","new_tumor_event_dx_indicator","age_at_initial_pathologic_diagnosis","anatomic_neoplasm_subdivision","anatomic_neoplasm_subdivision_other","antireflux_treatment_type","barretts_esophagus","clinical_M","clinical_N","clinical_T","clinical_stage","days_to_initial_pathologic_diagnosis","days_to_patient_progression_free","days_to_tumor_progression","disease_code","extranodal_involvement","h_pylori_infection","icd_10","icd_o_3_histology","icd_o_3_site","informed_consent_verified","number_of_lymphnodes_positive_by_ihc","patient_id","project_code","stage_other","tissue_source_site","tumor_tissue_site"
"f07070c0-fd0a-4c19-ba1e-5f06b933cd7c","TCGA-B7-5816","2011-7-14","Stomach, Adenocarcinoma, Diffuse Type","G3","NO","YES","FEMALE","-18698","WHITE","NOT HISPANIC OR LATINO","Russia","[Not Available]","No","No","2010","YES","9","0","R0","7th","T4a","N0","M0","Stage IIB","Alive","171","[Not Applicable]","TUMOR FREE","[Not Available]","[Not Available]","[Not Available]","NO","[Not Available]","[Not Available]","[Not Available]","[Not Available]","[Not Available]","51","Fundus/Body","[Not Available]","[Not Available]","No","[Not Applicable]","[Not Applicable]","[Not Applicable]","[Not Applicable]","0","[Not Available]","[Not Available]","[Not Available]","[Not Applicable]","[Not Available]","C16.2","8145/3","C16.2","YES","[Not Available]","5816","[Not Available]","[Not Available]","B7","Stomach"
"4310A287-5F01-4E0D-94E3-96C5379C3245","TCGA-B7-A5TI","2014-11-13","Stomach, Adenocarcinoma, Diffuse Type","G3","YES","NO","MALE","-19014","WHITE","NOT HISPANIC OR LATINO","Russia","Saint Petersburg","No","No","2012","YES","20","18","[Not Evaluated]","7th","T4","N3","M0","Stage IIIC","Alive","230","[Not Applicable]","TUMOR FREE","[Not Available]","YES","YES","[Unknown]","[Not Available]","NO","YES","Complete Remission/Response","NO","52","Fundus/Body","[Not Available]","H2 Blockers|Antacids","[Not Available]","[Not Applicable]","[Not Applicable]","[Not Applicable]","[Not Applicable]","0","[Not Available]","[Not Available]","[Not Available]","[Not Applicable]","Yes","C16.1","8145/3","C16.1","YES","[Not Available]","A5TI","[Not Available]","[Not Available]","B7","Stomach"
"5624BEAB-545A-4A5B-960E-C33429572272","TCGA-B7-A5TJ","2014-11-13","Stomach, Intestinal Adenocarcinoma, Not Otherwise Specified (NOS)","G1","YES","NO","MALE","-27057","WHITE","NOT HISPANIC OR LATINO","Russia","Saint Petersburg","No","No","2012","NO","[Not Available]","[Not Available]","[Not Available]","7th","T4a","NX","M0","Stage IIB","Alive","25","[Not Applicable]","TUMOR FREE","[Not Available]","YES","YES","[Unknown]","[Not Available]","NO","NO","Complete Remission/Response","NO","74","Fundus/Body","[Not Available]","H2 Blockers|Antacids","[Not Available]","[Not Applicable]","[Not Applicable]","[Not Applicable]","[Not Applicable]","0","[Not Available]","[Not Available]","[Not Available]","[Not Applicable]","Yes","C16.1","8144/3","C16.1","YES","[Not Available]","A5TJ","[Not Available]","[Not Available]","B7","Stomach"
"8520654b-2192-46cf-9d72-1ddb885a7c55","TCGA-BR-4201","2011-6-2","Stomach, Adenocarcinoma, Not Otherwise Specified (NOS)","G1","NO","YES","FEMALE","-24354","WHITE","NOT HISPANIC OR LATINO","Russia","Saratov","No","No","2008","[Not Available]","[Not Available]","[Not Available]","RX","6th","T2a","NX","M0","[Not Available]","Alive","0","[Not Applicable]","[Not Available]","[Not Available]","[Not Available]","[Not Available]","[Not Available]","[Not Available]","[Not Available]","[Not Available]","[Not Available]","[Not Available]","66","Cardia/Proximal","[Not Available]","[Not Available]","[Not Available]","[Not Applicable]","[Not Applicable]","[Not Applicable]","[Not Applicable]","0","[Not Available]","[Not Available]","[Not Available]","[Not Applicable]","[Not Available]","C16.0","8140/3","C16.0","YES","[Not Available]","4201","[Not Available]","[Not Available]","BR","Stomach"
"7b0d69ca-13a6-46e0-839c-e433bbede3ad","TCGA-BR-4256","2011-6-6","Stomach, Adenocarcinoma, Not Otherwise Specified (NOS)","G2","NO","YES","MALE","-29441","WHITE","NOT HISPANIC OR LATINO","Russia","Kazan","No","No","2008","YES","8","3","RX","6th","TX","N1","M0","[Not Available]","Alive","0","[Not Applicable]","[Not Available]","[Not Available]","[Not Available]","NO","[Not Available]","[Not Available]","[Not Available]","[Not Available]","[Not Available]","[Not Available]","80","Antrum/Distal","[Not Available]","[Not Available]","[Not Available]","[Not Applicable]","[Not Applicable]","[Not Applicable]","[Not Applicable]","0","[Not Available]","[Not Available]","[Not Available]","[Not Applicable]","[Not Available]","C16.3","8140/3","C16.3","YES","[Not Available]","4256","[Not Available]","[Not Available]","BR","Stomach"
"da112431-5579-4fd1-a230-9144b359b0e9","TCGA-BR-4257","2011-6-6","Stomach, Adenocarcinoma, Not Otherwise Specified (NOS)","G2","NO","YES","FEMALE","-29014","WHITE","NOT HISPANIC OR LATINO","Russia","Kazan","No","No","2008","[Not Available]","[Not Available]","[Not Available]","RX","6th","TX","NX","M0","[Not Available]","Alive","0","[Not Applicable]","[Not Available]","[Not Available]","[Not Available]","NO","[Not Available]","[Not Available]","[Not Available]","[Not Available]","[Not Available]","[Not Available]","79","Antrum/Distal","[Not Available]","[Not Available]","[Not Available]","[Not Applicable]","[Not Applicable]","[Not Applicable]","[Not Applicable]","0","[Not Available]","[Not Available]","[Not Available]","[Not Applicable]","[Not Available]","C16.3","8140/3","C16.3","YES","[Not Available]","4257","[Not Available]","[Not Available]","BR","Stomach"
"e0916597-e489-45ef-a8f7-653a3c6591ef","TCGA-BR-4280","2011-6-13","Stomach, Adenocarcinoma, Not Otherwise Specified (NOS)","G2","NO","YES","FEMALE","-28515","WHITE","NOT HISPANIC OR LATINO","Russia","Ryazan","No","No","2009","YES","6","1","RX","6th","T2b","N1","M0","Stage III","Alive","0","[Not Applicable]","[Not Available]","[Not Available]","[Not Available]","NO","[Not Available]","[Not Available]","[Not Available]","[Not Available]","[Not Available]","[Not Available]","78","[Not Available]","[Not Available]","[Not Available]","[Not Available]","[Not Applicable]","[Not Applicable]","[Not Applicable]","[Not Applicable]","0","[Not Available]","[Not Available]","[Not Available]","[Not Applicable]","[Not Available]","C16.9","8140/3","C16.9","YES","[Not Available]","4280","[Not Available]","[Not Available]","BR","Stomach"
"703d3e86-32f4-44ae-bd88-c02378fc2269","TCGA-BR-4292","2011-6-13","Stomach, Adenocarcinoma, Not Otherwise Specified (NOS)","G1","NO","YES","FEMALE","-26670","WHITE","NOT HISPANIC OR LATINO","Russia","Saratov","No","No","2009","[Not Available]","[Not Available]","[Not Available]","RX","6th","T1","NX","M0","[Not Available]","Alive","0","[Not Applicable]","[Not Available]","[Not Available]","[Not Available]","NO","[Not Available]","[Not Available]","[Not Available]","[Not Available]","[Not Available]","[Not Available]","73","Fundus/Body","[Not Available]","[Not Available]","[Not Available]","[Not Applicable]","[Not Applicable]","[Not Applicable]","[Not Applicable]","0","[Not Available]","[Not Available]","[Not Available]","[Not Applicable]","[Not Available]","C16.2","8140/3","C16.2","YES","[Not Available]","4292","[Not Available]","[Not Available]","BR","Stomach"
"29ed984c-74b5-4016-a649-c32e5d1d9869","TCGA-BR-4361","2011-6-6","Stomach, Adenocarcinoma, Not Otherwise Specified (NOS)","G3","NO","YES","FEMALE","-24260","WHITE","NOT HISPANIC OR LATINO","Russia","Ryazan","No","No","2008","YES","8","0","RX","6th","T4","N0","M0","Stage IIIA","Alive","0","[Not Applicable]","[Not Available]","[Not Available]","[Not Available]","NO","[Not Available]","[Not Available]","[Not Available]","[Not Available]","[Not Available]","[Not Available]","66","[Not Available]","[Not Available]","[Not Available]","[Not Available]","[Not Applicable]","[Not Applicable]","[Not Applicable]","[Not Applicable]","0","[Not Available]","[Not Available]","[Not Available]","[Not Applicable]","[Not Available]","C16.9","8140/3","C16.9","YES","[Not Available]","4361","[Not Available]","[Not Available]","BR","Stomach"
"b1f261e9-c896-46d2-93c7-0290970196f8","TCGA-BR-4362","2011-6-6","Stomach, Adenocarcinoma, Not Otherwise Specified (NOS)","G3","NO","YES","FEMALE","-27179","WHITE","NOT HISPANIC OR LATINO","Russia","Kazan","No","No","2008","YES","8","4","RX","6th","TX","N1","M0","[Not Available]","Alive","0","[Not Applicable]","[Not Available]","[Not Available]","[Not Available]","NO","[Not Available]","[Not Available]","[Not Available]","[Not Available]","[Not Available]","[Not Available]","74","Stomach (NOS)","[Not Available]","[Not Available]","[Not Available]","[Not Applicable]","[Not Applicable]","[Not Applicable]","[Not Applicable]","0","[Not Available]","[Not Available]","[Not Available]","[Not Applicable]","[Not Available]","C16.9","8140/3","C16.9","YES","[Not Available]","4362","[Not Available]","[Not Available]","BR","Stomach"
"449bf2be-b20e-4ad0-9ffb-910d83114018","TCGA-BR-4368","2011-6-6","Stomach, Adenocarcinoma, Not Otherwise Specified (NOS)","G3","NO","YES","FEMALE","-28770","WHITE","NOT HISPANIC OR LATINO","Russia","Kazan","No","No","2008","YES","12","8","RX","6th","T4","N2","M0","Stage IV","Alive","0","[Not Applicable]","[Not Available]","[Not Available]","[Not Available]","NO","[Not Available]","[Not Available]","[Not Available]","[Not Available]","[Not Available]","[Not Available]","78","Antrum/Distal","[Not Available]","[Not Available]","[Not Available]","[Not Applicable]","[Not Applicable]","[Not Applicable]","[Not Applicable]","0","[Not Available]","[Not Available]","[Not Available]","[Not Applicable]","[Not Available]","C16.3","8140/3","C16.3","YES","[Not Available]","4368","[Not Available]","[Not Available]","BR","Stomach"
"a2a71cb0-9dbd-45cc-8867-da84500515e7","TCGA-BR-4370","2011-6-2","Stomach, Adenocarcinoma, Not Otherwise Specified (NOS)","G2","NO","YES","FEMALE","-27344","WHITE","NOT HISPANIC OR LATINO","Russia","Kazan","No","No","2008","[Not Available]","[Not Available]","[Not Available]","RX","6th","TX","NX","M0","[Not Available]","Alive","0","[Not Applicable]","[Not Available]","[Not Available]","[Not Available]","NO","[Not Available]","[Not Available]","[Not Available]","[Not Available]","[Not Available]","[Not Available]","74","Antrum/Distal","[Not Available]","[Not Available]","[Not Available]","[Not Applicable]","[Not Applicable]","[Not Applicable]","[Not Applicable]","0","[Not Available]","[Not Available]","[Not Available]","[Not Applicable]","[Not Available]","C16.3","8140/3","C16.3","YES","[Not Available]","4370","[Not Available]","[Not Available]","BR","Stomach"
"27988b3e-cde1-4f4b-82a1-6d8ad08db8e9","TCGA-BR-6452","2011-8-19","Stomach, Adenocarcinoma, Not Otherwise Specified (NOS)","G3","YES","NO","FEMALE","-28827","WHITE","NOT HISPANIC OR LATINO","Russia","Tver","No","No","2011","YES","5","0","R0","7th","T3","N0","M0","Stage IIA","Alive","29","[Not Applicable]","TUMOR FREE","[Not Available]","[Not Available]","[Not Available]","NO","[Not Available]","[Not Available]","[Not Available]","[Not Available]","[Not Available]","78","Fundus/Body","[Not Available]","[Not Available]","[Not Available]","[Not Applicable]","[Not Applicable]","[Not Applicable]","[Not Applicable]","0","[Not Available]","[Not Available]","[Not Available]","[Not Applicable]","[Not Available]","C16.2","8140/3","C16.2","YES","[Not Available]","6452","[Not Available]","[Not Available]","BR","Stomach"
"43f0421c-6578-4d77-9314-ef0305c7efbd","TCGA-BR-6566","2011-8-23","Stomach, Adenocarcinoma, Not Otherwise Specified (NOS)","G3","YES","NO","FEMALE","-23404","WHITE","NOT HISPANIC OR LATINO","[Not Available]","Tver","No","No","2011","YES","3","0","R0","7th","T3","N0","M0","Stage IIA","Alive","19","[Not Applicable]","TUMOR FREE","[Not Available]","[Not Available]","[Not Available]","NO","[Not Available]","[Not Available]","[Not Available]","[Not Available]","[Not Available]","64","Fundus/Body","[Not Available]","[Not Available]","[Not Available]","[Not Applicable]","[Not Applicable]","[Not Applicable]","[Not Applicable]","0","[Not Available]","[Not Available]","[Not Available]","[Not Applicable]","[Not Available]","C16.2","8140/3","C16.2","YES","[Not Available]","6566","[Not Available]","[Not Available]","BR","Stomach"
"7c831a1d-3253-4af4-a0ff-7fe9ff9af1ce","TCGA-BR-6802","2011-8-25","Stomach, Adenocarcinoma, Not Otherwise Specified (NOS)","G3","YES","NO","MALE","-23915","WHITE","NOT HISPANIC OR LATINO","Russia","Tver","No","No","2011","YES","3","3","R0","7th","T3","N2","M0","Stage IIIA","Alive","23","[Not Applicable]","TUMOR FREE","[Not Available]","[Not Available]","[Not Available]","NO","[Not Available]","[Not Available]","[Not Available]","[Not Available]","[Not Available]","65","Fundus/Body","[Not Available]","[Not Available]","[Not Available]","[Not Applicable]","[Not Applicable]","[Not Applicable]","[Not Applicable]","0","[Not Available]","[Not Available]","[Not Available]","[Not Applicable]","[Not Available]","C16.2","8140/3","C16.2","YES","[Not Available]","6802","[Not Available]","[Not Available]","BR","Stomach"
"44799c67-61cd-4f3e-bdbc-423e2e0fd2e8","TCGA-BR-6852","2011-10-6","Stomach, Adenocarcinoma, Not Otherwise Specified (NOS)","G3","YES","NO","FEMALE","-23469","WHITE","NOT HISPANIC OR LATINO","Ukraine","Kiev","No","No","2011","YES","15","0","R0","7th","T3","N0","M0","Stage IIA","Alive","8","[Not Applicable]","TUMOR FREE","[Not Available]","[Not Available]","[Not Available]","NO","0","[Not Available]","[Not Available]","[Not Available]","[Not Available]","64","Gastroesophageal Junction","[Not Available]","[Not Available]","[Not Available]","[Not Applicable]","[Not Applicable]","[Not Applicable]","[Not Applicable]","0","[Not Available]","[Not Available]","[Not Available]","[Not Applicable]","[Not Available]","C16.0","8140/3","C16.0","YES","[Not Available]","6852","[Not Available]","[Not Available]","BR","Stomach"
"2943375e-3de8-4d42-959a-62f4192067ae","TCGA-BR-7703","2012-1-25","Stomach, Intestinal Adenocarcinoma, Papillary Type","G2","YES","NO","MALE","-29711","WHITE","NOT HISPANIC OR LATINO","[Not Available]","Tver","No","No","2011","YES","4","0","R0","7th","T1b","N0","M0","Stage IA","Alive","14","[Not Applicable]","TUMOR FREE","[Not Available]","[Not Available]","[Not Available]","NO","[Not Available]","[Not Available]","[Not Available]","[Not Available]","[Not Available]","81","Fundus/Body","[Not Available]","[Not Available]","[Not Available]","[Not Applicable]","[Not Applicable]","[Not Applicable]","[Not Applicable]","0","[Not Available]","[Not Available]","[Not Available]","[Not Applicable]","[Not Available]","C16.2","8260/3","C16.2","YES","[Not Available]","7703","[Not Available]","[Not Available]","BR","Stomach"
"84d2d341-9e52-49ab-8c51-417208834c5d","TCGA-BR-7707","2012-1-18","Stomach, Adenocarcinoma, Not Otherwise Specified (NOS)","G3","YES","NO","FEMALE","-25325","WHITE","NOT HISPANIC OR LATINO","Russia","Tver","No","No","2011","YES","2","0","R0","7th","T2","N0","M0","Stage IB","Alive","4","[Not Applicable]","TUMOR FREE","[Not Available]","[Not Available]","[Not Available]","NO","[Not Available]","[Not Available]","[Not Available]","[Not Available]","[Not Available]","69","Fundus/Body","[Not Available]","[Not Available]","[Not Available]","[Not Applicable]","[Not Applicable]","[Not Applicable]","[Not Applicable]","0","[Not Available]","[Not Available]","[Not Available]","[Not Applicable]","[Not Available]","C16.2","8140/3","C16.2","YES","[Not Available]","7707","[Not Available]","[Not Available]","BR","Stomach"
"08c73b36-ede5-4136-b73b-0e964d432f89","TCGA-BR-7851","2012-2-20","Stomach, Intestinal Adenocarcinoma, Not Otherwise Specified (NOS)","G3","YES","NO","MALE","-27091","WHITE","NOT HISPANIC OR LATINO","Russia","Tver","No","No","2011","YES","10","0","R0","7th","T4a","N0","M0","Stage IIB","Alive","30","[Not Applicable]","TUMOR FREE","[Not Available]","[Not Available]","[Not Available]","NO","[Not Available]","[Not Available]","[Not Available]","[Not Available]","[Not Available]","74","Fundus/Body","[Not Available]","[Not Available]","[Not Available]","[Not Applicable]","[Not Applicable]","[Not Applicable]","[Not Applicable]","0","[Not Available]","[Not Available]","[Not Available]","[Not Applicable]","[Not Available]","C16.2","8144/3","C16.2","YES","[Not Available]","7851","[Not Available]","[Not Available]","BR","Stomach"
"bae3c762-d894-4742-860c-43d18659b4bc","TCGA-BR-8059","2012-5-9","Stomach, Intestinal Adenocarcinoma, Not Otherwise Specified (NOS)","G3","YES","NO","MALE","-26474","WHITE","NOT HISPANIC OR LATINO","Russia","Tver","No","No","2011","YES","7","1","R0","7th","T4","N1","M0","Stage III","Alive","25","[Not Applicable]","TUMOR FREE","[Not Available]","[Unknown]","[Unknown]","NO","[Not Available]","[Unknown]","[Unknown]","[Unknown]","[Unknown]","72","Fundus/Body","[Not Available]","[Unknown]","[Unknown]","[Not Applicable]","[Not Applicable]","[Not Applicable]","[Not Applicable]","0","[Not Available]","[Not Available]","[Not Available]","[Not Applicable]","[Unknown]","C16.1","8144/3","C16.1","YES","[Not Available]","8059","[Not Available]","[Not Available]","BR","Stomach"
"ea600f9e-cda8-4a56-b8bd-e4c01ab724ba","TCGA-BR-8078","2012-5-2","Stomach, Adenocarcinoma, Not Otherwise Specified (NOS)","G3","YES","NO","FEMALE","-25861","WHITE","NOT HISPANIC OR LATINO","Russia","Tver","No","No","2011","YES","5","0","R0","7th","T4a","N0","M0","Stage IIB","Alive","29","[Not Applicable]","TUMOR FREE","[Not Available]","[Not Available]","[Not Available]","NO","[Not Available]","[Not Available]","[Not Available]","[Not Available]","[Not Available]","70","Fundus/Body","[Not Available]","[Not Available]","[Not Available]","[Not Applicable]","[Not Applicable]","[Not Applicable]","[Not Applicable]","0","[Not Available]","[Not Available]","[Not Available]","[Not Applicable]","[Not Available]","C16.2","8140/3","C16.2","YES","[Not Available]","8078","[Not Available]","[Not Available]","BR","Stomach"
"1d3a03a5-b757-4617-b65a-50f429a0e026","TCGA-BR-8081","2012-5-2","Stomach, Adenocarcinoma, Not Otherwise Specified (NOS)","G2","YES","NO","FEMALE","-26095","WHITE","NOT HISPANIC OR LATINO","Russia","Tver","No","No","2011","YES","5","0","R0","7th","T4a","N0","M0","Stage IIB","Alive","14","[Not Applicable]","TUMOR FREE","[Not Available]","[Not Available]","[Not Available]","NO","[Not Available]","[Not Available]","[Not Available]","[Not Available]","[Not Available]","71","Fundus/Body","[Not Available]","[Not Available]","[Not Available]","[Not Applicable]","[Not Applicable]","[Not Applicable]","[Not Applicable]","0","[Not Available]","[Not Available]","[Not Available]","[Not Applicable]","[Not Available]","C16.2","8140/3","C16.2","YES","[Not Available]","8081","[Not Available]","[Not Available]","BR","Stomach"
"a89e46f4-4808-41e5-a047-acebf8744eb7","TCGA-BR-8284","2012-5-31","Stomach, Intestinal Adenocarcinoma, Not Otherwise Specified (NOS)","G3","YES","NO","FEMALE","-26526","WHITE","NOT HISPANIC OR LATINO","Russia","Tver","No","No","2011","YES","9","9","R0","7th","T4a","N3a","M0","Stage IIIC","Alive","22","[Not Applicable]","TUMOR FREE","[Not Available]","[Unknown]","[Not Available]","NO","[Not Available]","NO","NO","Complete Remission/Response","[Unknown]","72","Antrum/Distal","[Not Available]","[Not Available]","[Unknown]","[Not Applicable]","[Not Applicable]","[Not Applicable]","[Not Applicable]","0","[Not Available]","[Not Available]","[Not Available]","[Not Applicable]","[Unknown]","C16.3","8144/3","C16.3","YES","[Not Available]","8284","[Not Available]","[Not Available]","BR","Stomach"
"9db0da77-797d-45d2-abdc-a586dea94ed8","TCGA-BR-8360","2012-7-17","Stomach, Intestinal Adenocarcinoma, Not Otherwise Specified (NOS)","G2","YES","NO","MALE","-24394","WHITE","NOT HISPANIC OR LATINO","Ukraine","Kiev","No","No","2011","YES","15","0","R0","7th","T3","N0","M0","Stage IIA","Alive","6","[Not Applicable]","TUMOR FREE","[Not Available]","[Unknown]","[Not Available]","NO","[Not Available]","[Unknown]","[Unknown]","[Unknown]","[Unknown]","66","Fundus/Body","[Not Available]","[Not Available]","[Unknown]","[Not Applicable]","[Not Applicable]","[Not Applicable]","[Not Applicable]","0","[Not Available]","[Not Available]","[Not Available]","[Not Applicable]","[Not Available]","C16.1","8144/3","C16.1","YES","[Not Available]","8360","[Not Available]","[Not Available]","BR","Stomach"
"86cbca52-29bd-4b88-a203-e8b9a072bd4b","TCGA-BR-8361","2012-7-17","Stomach, Adenocarcinoma, Not Otherwise Specified (NOS)","G3","YES","NO","FEMALE","-25999","WHITE","NOT HISPANIC OR LATINO","Russia","Tver","No","No","2012","YES","10","6","R0","7th","T4b","N2","M0","Stage IIIC","Alive","12","[Not Applicable]","TUMOR FREE","[Not Available]","[Unknown]","[Unknown]","NO","[Not Available]","[Unknown]","[Unknown]","[Unknown]","[Unknown]","71","Fundus/Body","[Not Available]","[Not Available]","[Not Available]","[Not Applicable]","[Not Applicable]","[Not Applicable]","[Not Applicable]","0","[Not Available]","[Not Available]","[Not Available]","[Not Applicable]","[Not Available]","C16.1","8140/3","C16.1","YES","[Not Available]","8361","[Not Available]","[Not Available]","BR","Stomach"
"65ef7ccc-93e9-487a-9d4c-70ee7b9ddb17","TCGA-BR-8363","2012-7-17","Stomach, Adenocarcinoma, Not Otherwise Specified (NOS)","G3","YES","NO","FEMALE","-26976","WHITE","NOT HISPANIC OR LATINO","Russia","Tver","No","No","2012","YES","11","0","R0","7th","T2","N0","M0","Stage IB","Dead","[Not Available]","8","TUMOR FREE","Other, non-malignant disease","[Unknown]","[Not Available]","NO","[Not Available]","NO","NO","Complete Remission/Response","NO","73","Antrum/Distal","[Not Available]","[Not Available]","[Unknown]","[Not Applicable]","[Not Applicable]","[Not Applicable]","[Not Applicable]","0","[Not Available]","[Not Available]","[Not Available]","[Not Applicable]","[Not Available]","C16.1","8140/3","C16.1","YES","[Not Available]","8363","[Not Available]","[Not Available]","BR","Stomach"
"00781a96-4068-427c-a9c5-584d167c3dea","TCGA-BR-8368","2012-7-17","Stomach, Adenocarcinoma, Not Otherwise Specified (NOS)","G3","YES","NO","FEMALE","-30874","WHITE","NOT HISPANIC OR LATINO","Ukraine","Kiev","No","No","2011","YES","15","0","R0","7th","T2","N0","M0","Stage IB","Alive","42","[Not Applicable]","TUMOR FREE","[Not Available]","[Unknown]","[Not Available]","NO","[Not Available]","[Unknown]","[Unknown]","[Not Available]","[Unknown]","84","Fundus/Body","[Not Available]","[Not Available]","[Unknown]","[Not Applicable]","[Not Applicable]","[Not Applicable]","[Not Applicable]","0","[Not Available]","[Not Available]","[Not Available]","[Not Applicable]","[Unknown]","C16.1","8140/3","C16.1","YES","[Not Available]","8368","[Not Available]","[Not Available]","BR","Stomach"
"5b52f882-df12-42ec-a000-ff3b428ba05b","TCGA-BR-8372","2012-7-17","Stomach, Adenocarcinoma, Not Otherwise Specified (NOS)","G3","YES","NO","MALE","-23346","WHITE","NOT HISPANIC OR LATINO","Russia","Tver","No","No","2012","YES","17","8","R0","7th","T4b","N3a","M0","Stage IIIC","Alive","18","[Not Applicable]","TUMOR FREE","[Not Available]","[Unknown]","[Not Available]","NO","[Not Available]","[Unknown]","[Unknown]","[Unknown]","[Unknown]","63","Fundus/Body","[Not Available]","[Not Available]","[Unknown]","[Not Applicable]","[Not Applicable]","[Not Applicable]","[Not Applicable]","0","[Not Available]","[Not Available]","[Not Available]","[Not Applicable]","[Not Available]","C16.1","8144/3","C16.1","YES","[Not Available]","8372","[Not Available]","[Not Available]","BR","Stomach"
"e617b5c5-55ca-47a7-8497-854ab2844818","TCGA-BR-8382","2012-7-17","Stomach, Adenocarcinoma, Not Otherwise Specified (NOS)","G3","YES","NO","FEMALE","-24737","WHITE","NOT HISPANIC OR LATINO","Ukraine","Kiev","No","No","2011","YES","15","9","R0","7th","T4b","N3a","M0","Stage IIIC","Alive","13","[Not Applicable]","TUMOR FREE","[Not Available]","[Unknown]","[Not Available]","[Unknown]","[Not Available]","NO","NO","Complete Remission/Response","[Unknown]","67","Antrum/Distal","[Not Available]","[Not Available]","[Unknown]","[Not Applicable]","[Not Applicable]","[Not Applicable]","[Not Applicable]","0","[Not Available]","[Not Available]","[Not Available]","[Not Applicable]","[Not Available]","C16.3","8140/3","C16.3","YES","[Not Available]","8382","[Not Available]","[Not Available]","BR","Stomach"
"bd2a14e7-bb30-48d0-a585-7fbab767d4cf","TCGA-BR-8487","2012-9-11","Stomach, Adenocarcinoma, Not Otherwise Specified (NOS)","G3","YES","NO","FEMALE","-23400","WHITE","NOT HISPANIC OR LATINO","Ukraine","Kiev","No","No","2012","YES","15","0","R0","7th","T3","N0","M0","Stage IIA","Alive","21","[Not Applicable]","TUMOR FREE","[Not Available]","NO","[Not Available]","NO","[Not Available]","[Unknown]","[Unknown]","[Unknown]","[Unknown]","64","Antrum/Distal","[Not Available]","[Not Available]","No","[Not Applicable]","[Not Applicable]","[Not Applicable]","[Not Applicable]","0","[Not Available]","[Not Available]","[Not Available]","[Not Applicable]","[Unknown]","C16.3","8140/3","C16.3","YES","[Not Available]","8487","[Not Available]","[Not Available]","BR","Stomach"
"0f3e2f16-1c06-4128-af45-ee73de19ea69","TCGA-BR-8591","2012-8-31","Stomach, Adenocarcinoma, Not Otherwise Specified (NOS)","G3","YES","NO","MALE","-29054","WHITE","NOT HISPANIC OR LATINO","Russia","Tver","No","No","2012","YES","14","14","R0","7th","T4a","N3a","M0","Stage IIIC","Alive","6","[Not Applicable]","TUMOR FREE","[Not Available]","[Unknown]","[Not Available]","NO","[Not Available]","[Unknown]","[Unknown]","[Not Available]","[Unknown]","79","Antrum/Distal","[Not Available]","[Not Available]","[Unknown]","[Not Applicable]","[Not Applicable]","[Not Applicable]","[Not Applicable]","0","[Not Available]","[Not Available]","[Not Available]","[Not Applicable]","[Unknown]","C16.3","8140/3","C16.3","YES","[Not Available]","8591","[Not Available]","[Not Available]","BR","Stomach"
"AA2C5D29-2764-4804-9181-5870C0956904","TCGA-BR-A4QL","2013-3-19","Stomach, Adenocarcinoma, Not Otherwise Specified (NOS)","G2","YES","NO","FEMALE","-27668","WHITE","NOT HISPANIC OR LATINO","[Not Available]","Kiev","No","No","2012","YES","10","9","R0","7th","T3","N3a","M0","Stage IIIB","Alive","0","[Not Applicable]","TUMOR FREE","[Not Available]","NO","NO","NO","[Not Available]","NO","YES","Complete Remission/Response","NO","75","Antrum/Distal","[Not Available]","[Not Available]","No","[Not Applicable]","[Not Applicable]","[Not Applicable]","[Not Applicable]","0","[Not Available]","[Not Available]","[Not Available]","[Not Applicable]","No","C16.3","8140/3","C16.3","YES","[Not Available]","A4QL","[Not Available]","[Not Available]","BR","Stomach"
"b2f6d8f3-3182-4e5e-be20-8470cfb832c5","TCGA-CD-8536","2013-4-15","Stomach, Adenocarcinoma, Not Otherwise Specified (NOS)","G3","YES","NO","MALE","-27328","ASIAN","NOT HISPANIC OR LATINO","[Not Available]","[Not Available]","No","No","2011","NO","[Not Available]","[Not Available]","R0","6th","T3","N0","M0","Stage II","Alive","3","[Not Applicable]","TUMOR FREE","[Not Available]","NO","[Not Available]","NO","[Not Available]","NO","NO","Complete Remission/Response","NO","74","Fundus/Body","[Not Available]","[Not Available]","[Not Available]","[Not Applicable]","[Not Applicable]","[Not Applicable]","[Not Applicable]","0","[Not Available]","[Not Available]","[Not Available]","[Not Applicable]","[Not Available]","C16.1","8140/3","C16.1","YES","[Not Available]","8536","[Not Available]","[Not Available]","CD","Stomach"
"028632ED-D75A-49BB-B579-41962BA502FE","TCGA-CD-A4MG","2013-3-13","Stomach, Adenocarcinoma, Diffuse Type","G3","YES","NO","MALE","-28019","ASIAN","NOT HISPANIC OR LATINO","[Not Available]","[Not Available]","No","No","2011","NO","[Not Available]","[Not Available]","[Not Available]","7th","T3","N0","M0","Stage IIA","Alive","2","[Not Applicable]","TUMOR FREE","[Not Available]","[Not Available]","[Not Available]","NO","[Not Available]","NO","NO","Complete Remission/Response","NO","76","Cardia/Proximal","[Not Available]","[Not Available]","[Not Available]","[Not Applicable]","[Not Applicable]","[Not Applicable]","[Not Applicable]","0","[Not Available]","[Not Available]","[Not Available]","[Not Applicable]","[Not Available]","C16.0","8145/3","C16.0","YES","[Not Available]","A4MG","[Not Available]","[Not Available]","CD","Stomach"
"CDA6D95C-BE6A-485E-BA9A-C57F3EB3F99A","TCGA-CD-A4MI","2013-3-13","Stomach, Adenocarcinoma, Not Otherwise Specified (NOS)","G1","YES","NO","MALE","-22721","ASIAN","NOT HISPANIC OR LATINO","[Not Available]","[Not Available]","No","No","2011","NO","[Not Available]","[Not Available]","[Not Available]","6th","T3","N1","M0","Stage IIIA","Alive","3","[Not Applicable]","TUMOR FREE","[Not Available]","[Not Available]","[Not Available]","NO","[Not Available]","NO","NO","Complete Remission/Response","NO","62","Antrum/Distal","[Not Available]","[Not Available]","[Not Available]","[Not Applicable]","[Not Applicable]","[Not Applicable]","[Not Applicable]","0","[Not Available]","[Not Available]","[Not Available]","[Not Applicable]","[Not Available]","C16.3","8140/3","C16.3","YES","[Not Available]","A4MI","[Not Available]","[Not Available]","CD","Stomach"
"287059FB-4E69-4D6D-99D5-91EC92D35BDE","TCGA-CD-A4MJ","2013-3-13","Stomach, Adenocarcinoma, Not Otherwise Specified (NOS)","G2","YES","NO","MALE","-21932","ASIAN","NOT HISPANIC OR LATINO","[Not Available]","[Not Available]","No","No","2011","NO","[Not Available]","[Not Available]","[Not Available]","7th","T2","N0","M0","Stage IB","Alive","3","[Not Applicable]","TUMOR FREE","[Not Available]","[Not Available]","[Not Available]","NO","[Not Available]","NO","NO","Complete Remission/Response","NO","60","Fundus/Body","[Not Available]","[Not Available]","[Not Available]","[Not Applicable]","[Not Applicable]","[Not Applicable]","[Not Applicable]","0","[Not Available]","[Not Available]","[Not Available]","[Not Applicable]","[Not Available]","C16.1","8140/3","C16.1","YES","[Not Available]","A4MJ","[Not Available]","[Not Available]","CD","Stomach"
"e0e35051-fbb4-4389-aedb-87bde84d21ad","TCGA-CG-4305","2010-7-22","Stomach, Adenocarcinoma, Not Otherwise Specified (NOS)","G3","NO","YES","MALE","-25295","[Not Available]","[Not Available]","Germany","Hamburg","No","No","2008","YES","41","2","R0","6th","T2a","N1","M0","Stage II","Alive","485","[Not Applicable]","TUMOR FREE","[Not Available]","[Not Available]","[Not Available]","[Not Available]","[Not Available]","[Not Available]","[Not Available]","[Not Available]","[Not Available]","69","Antrum/Distal","[Not Available]","[Not Available]","[Not Available]","[Not Applicable]","[Not Applicable]","[Not Applicable]","[Not Applicable]","0","[Not Available]","[Not Available]","[Not Available]","[Not Applicable]","[Not Available]","C16.3","8140/3","C16.3","YES","[Not Available]","4305","[Not Available]","[Not Available]","CG","Stomach"
"8fccff71-3710-4cb9-b8af-61707aebe5d8","TCGA-CG-4442","2010-7-22","Stomach, Intestinal Adenocarcinoma, Not Otherwise Specified (NOS)","G3","NO","YES","MALE","-31350","[Not Available]","[Not Available]","Germany","Hamburg","No","No","2006","YES","27","0","R0","5th","T2","N0","M0","Stage IB","Alive","0","[Not Applicable]","TUMOR FREE","[Not Available]","[Not Available]","[Not Available]","[Not Available]","[Not Available]","[Not Available]","[Not Available]","[Not Available]","[Not Available]","85","Antrum/Distal","[Not Available]","[Not Available]","[Not Available]","[Not Applicable]","[Not Applicable]","[Not Applicable]","[Not Applicable]","0","[Not Available]","[Not Available]","[Not Available]","[Not Applicable]","[Not Available]","C16.3","8144/3","C16.3","YES","[Not Available]","4442","[Not Available]","[Not Available]","CG","Stomach"
"588abaea-ab16-42f4-9457-5901ee791b5f","TCGA-CG-5721","2011-3-22","Stomach, Intestinal Adenocarcinoma, Not Otherwise Specified (NOS)","G3","NO","YES","MALE","-21244","[Not Available]","[Not Available]","Germany","Hamburg","No","No","2005","YES","24","1","R0","5th","T4","N1","M0","Stage IV","Alive","183","[Not Applicable]","TUMOR FREE","[Not Available]","NO","YES","NO","0","[Not Available]","[Not Available]","[Not Available]","[Not Available]","58","Antrum/Distal","[Not Available]","Proton Pump Inhibitors","No","[Not Applicable]","[Not Applicable]","[Not Applicable]","[Not Applicable]","0","[Not Available]","[Not Available]","[Not Available]","[Not Applicable]","Yes","C16.3","8144/3","C16.3","YES","[Not Available]","5721","[Not Available]","[Not Available]","CG","Stomach"
"0f00ad32-e4be-49d4-a02a-d233bfc913c5","TCGA-CG-5723","2011-3-22","Stomach, Adenocarcinoma, Not Otherwise Specified (NOS)","G3","NO","YES","MALE","-30376","[Not Available]","[Not Available]","Germany","Hamburg","No","No","2003","YES","31","1","R0","5th","T2","N1","M0","Stage II","Alive","2131","[Not Applicable]","[Not Available]","[Not Available]","NO","[Not Available]","NO","0","[Not Available]","[Not Available]","[Not Available]","[Not Available]","83","Cardia/Proximal","[Not Available]","[Not Available]","No","[Not Applicable]","[Not Applicable]","[Not Applicable]","[Not Applicable]","0","[Not Available]","[Not Available]","[Not Available]","[Not Applicable]","[Not Available]","C16.0","8140/3","C16.0","YES","[Not Available]","5723","[Not Available]","[Not Available]","CG","Stomach"
"863ad936-e2a0-471c-8d95-3a548bb94afa","TCGA-CG-5726","2011-3-22","Stomach, Intestinal Adenocarcinoma, Not Otherwise Specified (NOS)","G2","NO","YES","MALE","-26998","[Not Available]","[Not Available]","Germany","Hamburg","No","No","2004","YES","15","0","R0","5th","T1","N0","M0","Stage IA","Dead","[Not Available]","881","TUMOR FREE","[Not Available]","NO","YES","NO","0","[Not Available]","[Not Available]","[Not Available]","[Not Available]","73","Antrum/Distal","[Not Available]","Proton Pump Inhibitors","No","[Not Applicable]","[Not Applicable]","[Not Applicable]","[Not Applicable]","0","[Not Available]","[Not Available]","[Not Available]","[Not Applicable]","[Not Available]","C16.3","8144/3","C16.3","YES","[Not Available]","5726","[Not Available]","[Not Available]","CG","Stomach"
"1286ac33-a466-4f58-900e-f6b13fe9c25a","TCGA-CG-5728","2011-3-22","Stomach, Intestinal Adenocarcinoma, Not Otherwise Specified (NOS)","G3","NO","YES","FEMALE","-32293","[Not Available]","[Not Available]","Hamburg/Germany","Hamburg","No","No","2003","YES","36","0","R0","5th","T2","N0","M0","Stage IB","Alive","579","[Not Applicable]","WITH TUMOR","[Not Available]","NO","YES","NO","0","[Not Available]","[Not Available]","[Not Available]","[Not Available]","88","Antrum/Distal","[Not Available]","Proton Pump Inhibitors","No","[Not Applicable]","[Not Applicable]","[Not Applicable]","[Not Applicable]","0","[Not Available]","[Not Available]","[Not Available]","[Not Applicable]","[Not Available]","C16.3","8144/3","C16.3","YES","[Not Available]","5728","[Not Available]","[Not Available]","CG","Stomach"
"8a9afa5e-63ce-41eb-aafb-b0b03653da5a","TCGA-CG-5733","2011-3-22","Stomach, Intestinal Adenocarcinoma, Not Otherwise Specified (NOS)","G3","NO","YES","FEMALE","-30650","[Not Available]","[Not Available]","Germany","Hamburg","No","No","2003","YES","32","7","R0","5th","T2","N2","M0","Stage IIIA","Dead","[Not Available]","641","WITH TUMOR","[Not Available]","NO","[Not Available]","NO","0","[Not Available]","[Not Available]","[Not Available]","[Not Available]","83","Antrum/Distal","[Not Available]","[Not Available]","No","[Not Applicable]","[Not Applicable]","[Not Applicable]","[Not Applicable]","0","[Not Available]","[Not Available]","[Not Available]","[Not Applicable]","[Not Available]","C16.3","8144/3","C16.3","YES","[Not Available]","5733","[Not Available]","[Not Available]","CG","Stomach"
"47FD3741-28EA-427B-9C2A-8CB39153C8AB","TCGA-D7-A4YV","2013-2-1","Stomach, Intestinal Adenocarcinoma, Tubular Type","G3","YES","NO","FEMALE","-25421","WHITE","NOT HISPANIC OR LATINO","[Not Available]","poznan","No","No","2012","YES","8","2","R0","7th","T3","N1","M0","Stage IIB","Alive","180","[Not Applicable]","TUMOR FREE","[Not Available]","NO","NO","YES","1","NO","NO","Complete Remission/Response","NO","69","Antrum/Distal","[Not Available]","[Not Available]","No","[Not Applicable]","[Not Applicable]","[Not Applicable]","[Not Applicable]","0","[Not Available]","[Not Available]","[Not Available]","[Not Applicable]","No","C16.3","8211/3","C16.3","YES","[Not Available]","A4YV","[Not Available]","[Not Available]","D7","Stomach"
"17F63789-2EE3-4CD9-9273-5FA73662DB39","TCGA-D7-A4YY","2013-2-1","Stomach, Adenocarcinoma, Not Otherwise Specified (NOS)","G3","YES","NO","MALE","-22287","WHITE","NOT HISPANIC OR LATINO","[Not Available]","Poznan","No","No","2012","YES","22","7","R0","7th","T3","N3a","M0","Stage IIIB","Alive","104","[Not Applicable]","TUMOR FREE","[Not Available]","NO","NO","NO","[Not Available]","YES","YES","Stable Disease","NO","61","Antrum/Distal","[Not Available]","[Not Available]","No","[Not Applicable]","[Not Applicable]","[Not Applicable]","[Not Applicable]","0","[Not Available]","[Not Available]","[Not Available]","[Not Applicable]","No","C16.3","8140/3","C16.3","YES","[Not Available]","A4YY","[Not Available]","[Not Available]","D7","Stomach"
"73BD696B-0F35-4F70-8888-8153B1BA9EE4","TCGA-D7-A6EY","2014-3-28","Stomach, Intestinal Adenocarcinoma, Tubular Type","G3","YES","NO","FEMALE","-26526","WHITE","NOT HISPANIC OR LATINO","wlkp","poznan","No","No","2013","YES","18","13","R0","7th","T3","N3a","M0","Stage IIIB","Dead","[Not Available]","348","WITH TUMOR","Stomach Cancer","NO","NO","NO","[Not Available]","NO","NO","Progressive Disease","NO","72","Antrum/Distal","[Not Available]","[Not Available]","No","[Not Applicable]","[Not Applicable]","[Not Applicable]","[Not Applicable]","0","[Not Available]","[Not Available]","[Not Available]","[Not Applicable]","No","C16.3","8211/3","C16.3","YES","[Not Available]","A6EY","[Not Available]","[Not Available]","D7","Stomach"
"106f3344-f699-4b2c-8f62-4ac6c948dde4","TCGA-F1-6874","2011-8-4","Stomach, Intestinal Adenocarcinoma, Not Otherwise Specified (NOS)","G3","YES","NO","MALE","-29083","WHITE","NOT HISPANIC OR LATINO","North Carolina","Chapel Hill","No","No","2011","YES","38","0","R0","7th","T2","N0","M0","Stage IB","Alive","62","[Not Applicable]","TUMOR FREE","[Not Available]","NO","NO","NO","[Not Available]","[Not Available]","[Not Available]","[Not Available]","[Not Available]","79","Cardia/Proximal","[Not Available]","[Not Available]","No","[Not Applicable]","[Not Applicable]","[Not Applicable]","[Not Applicable]","0","[Not Available]","[Not Available]","[Not Available]","[Not Applicable]","No","C16.0","8144/3","C16.0","YES","[Not Available]","6874","[Not Available]","[Not Available]","F1","Stomach"
"CCA74404-CD91-4A69-AE09-BFB5D9142D3D","TCGA-F1-A448","2012-10-31","Stomach, Intestinal Adenocarcinoma, Mucinous Type","G3","YES","NO","MALE","-25846","WHITE","HISPANIC OR LATINO","NC","Chapel Hill","No","No","2012","YES","61","18","R0","7th","T3","N3b","M0","Stage IIIB","Alive","252","[Not Applicable]","TUMOR FREE","[Not Available]","NO","NO","NO","[Not Available]","YES","YES","Complete Remission/Response","NO","70","Antrum/Distal","[Not Available]","[Not Available]","No","[Not Applicable]","[Not Applicable]","[Not Applicable]","[Not Applicable]","0","[Not Available]","[Not Available]","[Not Available]","[Not Applicable]","No","C16.3","8480/3","C16.3","YES","[Not Available]","A448","[Not Available]","[Not Available]","F1","Stomach"
"48ABE0EF-DFD5-4E36-A319-C4EC3165CBA1","TCGA-FP-A4BE","2013-1-25","Stomach, Adenocarcinoma, Not Otherwise Specified (NOS)","G3","YES","NO","MALE","-20148","BLACK OR AFRICAN AMERICAN","NOT HISPANIC OR LATINO","Tennessee","Memphis","No","No","2012","YES","27","0","R0","7th","T3","N0","M0","Stage IIA","Alive","35","[Not Applicable]","TUMOR FREE","[Not Available]","YES","YES","NO","[Not Available]","[Unknown]","[Unknown]","[Not Applicable]","NO","55","Fundus/Body","[Not Available]","Antacids","[Unknown]","[Not Applicable]","[Not Applicable]","[Not Applicable]","[Not Applicable]","0","[Not Available]","[Not Available]","[Not Available]","[Not Applicable]","[Unknown]","C16.1","8140/3","C16.1","YES","[Not Available]","A4BE","[Not Available]","[Not Available]","FP","Stomach"
"6c3687fd-0761-477d-95ab-73e11d66dbd6","TCGA-HF-7132","2011-11-17","Stomach, Intestinal Adenocarcinoma, Mucinous Type","G2","NO","YES","MALE","[Not Available]","[Not Available]","[Not Available]","Ontario Canada","London","No","No","2006","YES","8","2","R0","6th","T2b","N1","M0","Stage II","Alive","[Not Available]","[Not Applicable]","TUMOR FREE","[Not Available]","NO","NO","NO","0","[Not Available]","[Not Available]","[Not Available]","[Not Available]","[Not Available]","Antrum/Distal","[Not Available]","[Not Available]","No","[Not Applicable]","[Not Applicable]","[Not Applicable]","[Not Applicable]","[Not Available]","[Not Available]","[Not Available]","[Not Available]","[Not Applicable]","[Not Available]","C16.3","8480/3","C16.3","YES","[Not Available]","7132","[Not Available]","[Not Available]","HF","Stomach"
"A58B6CD2-48F8-47D0-B97A-02A376F83E5C","TCGA-HF-A5NB","2013-9-26","Stomach, Intestinal Adenocarcinoma, Mucinous Type","G3","NO","YES","FEMALE","-27676","[Not Evaluated]","[Not Evaluated]","Ontario","London","No","No","[Not Available]","YES","26","11","R1","7th","T4a","N3a","M0","Stage IIIC","Alive","550","[Not Applicable]","TUMOR FREE","[Not Available]","NO","NO","NO","[Not Available]","YES","YES","Complete Remission/Response","NO","75","Antrum/Distal","[Not Available]","[Not Available]","No","[Not Applicable]","[Not Applicable]","[Not Applicable]","[Not Applicable]","[Not Available]","[Not Available]","[Not Available]","[Not Available]","[Not Applicable]","No","C16.3","8480/3","C16.3","YES","[Not Available]","A5NB","[Not Available]","[Not Available]","HF","Stomach"
"edce7aac-1d8b-41cb-88e2-f50b8eeca4d8","TCGA-HU-8602","2013-3-17","Stomach, Adenocarcinoma, Diffuse Type","G3","NO","YES","FEMALE","-21522","ASIAN","NOT HISPANIC OR LATINO","[Not Available]","Pusan","No","No","2011","YES","61","0","R0","7th","T4a","N0","M0","Stage IIB","Alive","347","[Not Applicable]","TUMOR FREE","[Not Available]","YES","[Unknown]","YES","1","NO","YES","Complete Remission/Response","NO","58","Antrum/Distal","[Not Available]","[Not Available]","No","[Not Applicable]","[Not Applicable]","[Not Applicable]","[Not Applicable]","0","[Not Available]","[Not Available]","[Not Available]","[Not Applicable]","No","C16.3","8145/3","C16.3","YES","[Not Available]","8602","[Not Available]","[Not Available]","HU","Stomach"
"16286EBD-6811-4E53-B4D5-82E1E825BC7A","TCGA-HU-A4G8","2013-3-14","Stomach, Adenocarcinoma, Diffuse Type","G3","NO","YES","FEMALE","-26254","ASIAN","NOT HISPANIC OR LATINO","[Not Available]","Pusan","No","No","2011","YES","64","1","[Not Available]","7th","T3","N1","M0","Stage IIB","Alive","360","[Not Applicable]","TUMOR FREE","[Not Available]","YES","[Unknown]","NO","[Not Available]","NO","YES","Complete Remission/Response","NO","71","Antrum/Distal","[Not Available]","[Not Available]","No","[Not Applicable]","[Not Applicable]","[Not Applicable]","[Not Applicable]","0","[Not Available]","[Not Available]","[Not Available]","[Not Applicable]","No","C16.3","8145/3","C16.3","YES","[Not Available]","A4G8","[Not Available]","[Not Available]","HU","Stomach"
"8114D553-4025-4C8F-AE02-5ED01720723A","TCGA-HU-A4G9","2013-3-10","Stomach, Intestinal Adenocarcinoma, Tubular Type","G2","NO","YES","FEMALE","-24753","ASIAN","NOT HISPANIC OR LATINO","[Not Available]","Daegu","No","No","2011","YES","42","0","R0","7th","T1a","N0","M0","Stage IA","Alive","463","[Not Applicable]","TUMOR FREE","[Not Available]","[Unknown]","[Not Available]","NO","[Not Available]","NO","NO","Stable Disease","NO","67","Fundus/Body","[Not Available]","[Not Available]","No","[Not Applicable]","[Not Applicable]","[Not Applicable]","[Not Applicable]","0","[Not Available]","[Not Available]","[Not Available]","[Not Applicable]","No","C16.2","8211/3","C16.2","YES","[Not Available]","A4G9","[Not Available]","[Not Available]","HU","Stomach"
"F8A32CB0-8C3D-4BC2-8E53-561B89000BE7","TCGA-HU-A4GN","2013-3-11","Stomach, Intestinal Adenocarcinoma, Tubular Type","G2","NO","YES","MALE","-22288","ASIAN","NOT HISPANIC OR LATINO","[Not Available]","Daegu","No","No","2011","YES","47","1","R0","7th","T2","N1","M0","Stage IIA","Alive","640","[Not Applicable]","TUMOR FREE","[Not Available]","[Unknown]","[Not Available]","NO","[Not Available]","NO","YES","Complete Remission/Response","NO","61","Antrum/Distal","[Not Available]","[Not Available]","Yes","[Not Applicable]","[Not Applicable]","[Not Applicable]","[Not Applicable]","0","[Not Available]","[Not Available]","[Not Available]","[Not Applicable]","No","C16.3","8211/3","C16.3","YES","[Not Available]","A4GN","[Not Available]","[Not Available]","HU","Stomach"
"7739F659-0E25-4404-AD25-EE52FBBCFD44","TCGA-HU-A4GQ","2013-3-11","Stomach, Intestinal Adenocarcinoma, Tubular Type","G2","NO","YES","MALE","-26200","ASIAN","NOT HISPANIC OR LATINO","[Not Available]","Daegu","No","No","2011","YES","105","4","R0","7th","T4b","N2","M0","Stage IIIC","Dead","[Not Available]","3","TUMOR FREE","Stomach Cancer","[Unknown]","[Not Available]","NO","[Not Available]","NO","NO","Complete Remission/Response","NO","71","Antrum/Distal","[Not Available]","[Not Available]","Yes","[Not Applicable]","[Not Applicable]","[Not Applicable]","[Not Applicable]","0","[Not Available]","[Not Available]","[Not Available]","[Not Applicable]","[Unknown]","C16.3","8211/3","C16.3","YES","[Not Available]","A4GQ","[Not Available]","[Not Available]","HU","Stomach"
"7997F3D8-BFF6-4808-8DF0-D88D344D7C9E","TCGA-HU-A4GT","2013-3-11","Stomach, Intestinal Adenocarcinoma, Tubular Type","G3","NO","YES","FEMALE","-26231","ASIAN","NOT HISPANIC OR LATINO","[Not Available]","Daegu","No","No","2011","YES","81","0","R0","7th","T3","N0","M0","Stage IIA","Alive","198","[Not Applicable]","TUMOR FREE","[Not Available]","[Unknown]","[Unknown]","NO","[Not Available]","NO","YES","Complete Remission/Response","NO","71","Antrum/Distal","[Not Available]","[Not Available]","No","[Not Applicable]","[Not Applicable]","[Not Applicable]","[Not Applicable]","0","[Not Available]","[Not Available]","[Not Available]","[Not Applicable]","[Unknown]","C16.3","8211/3","C16.3","YES","[Not Available]","A4GT","[Not Available]","[Not Available]","HU","Stomach"
"B93221BA-2076-4DD4-9931-179571B7E16C","TCGA-HU-A4GU","2013-3-11","Stomach, Adenocarcinoma, Diffuse Type","G3","NO","YES","MALE","-27024","ASIAN","NOT HISPANIC OR LATINO","[Not Available]","Daegu","No","No","2011","YES","48","2","R0","7th","T3","N1","M0","Stage IIB","Alive","190","[Not Applicable]","TUMOR FREE","[Not Available]","[Unknown]","[Unknown]","NO","[Not Available]","NO","NO","Complete Remission/Response","NO","73","Antrum/Distal","[Not Available]","[Not Available]","Yes","[Not Applicable]","[Not Applicable]","[Not Applicable]","[Not Applicable]","0","[Not Available]","[Not Available]","[Not Available]","[Not Applicable]","No","C16.3","8145/3","C16.3","YES","[Not Available]","A4GU","[Not Available]","[Not Available]","HU","Stomach"
"75915370-0895-4933-8875-8A31C65C3D50","TCGA-HU-A4GX","2013-3-11","Stomach, Adenocarcinoma, Diffuse Type","G3","NO","YES","FEMALE","-25913","ASIAN","NOT HISPANIC OR LATINO","[Not Available]","Daegu","No","No","2012","YES","71","6","R0","7th","T4b","N2","M0","Stage IIIC","Alive","310","[Not Applicable]","TUMOR FREE","[Not Available]","[Unknown]","[Unknown]","NO","[Not Available]","NO","YES","Complete Remission/Response","NO","70","Antrum/Distal","[Not Available]","[Not Available]","No","[Not Applicable]","[Not Applicable]","[Not Applicable]","[Not Applicable]","0","[Not Available]","[Not Available]","[Not Available]","[Not Applicable]","No","C16.3","8145/3","C16.3","YES","[Not Available]","A4GX","[Not Available]","[Not Available]","HU","Stomach"
"39FA91BD-DFFD-4B2C-AF7D-7FD914730B08","TCGA-HU-A4H3","2013-3-10","Stomach, Adenocarcinoma, Diffuse Type","G3","NO","YES","FEMALE","-20790","ASIAN","NOT HISPANIC OR LATINO","[Not Available]","Seoul","No","No","2011","YES","36","16","R0","7th","T4a","N3b","M0","Stage IIIC","Alive","589","[Not Applicable]","WITH TUMOR","[Not Available]","NO","NO","NO","[Not Available]","[Discrepancy]","YES","[Not Applicable]","YES","56","Fundus/Body","[Not Available]","[Not Available]","No","[Not Applicable]","[Not Applicable]","[Not Applicable]","[Not Applicable]","0","[Not Available]","[Not Available]","[Not Available]","[Not Applicable]","No","C16.2","8145/3","C16.2","YES","[Not Available]","A4H3","[Not Available]","[Not Available]","HU","Stomach"
"00FDF96D-C48A-47E0-B91D-576C52E6819C","TCGA-HU-A4H4","2013-3-10","Stomach, Intestinal Adenocarcinoma, Tubular Type","G3","NO","YES","FEMALE","-19665","ASIAN","NOT HISPANIC OR LATINO","[Not Available]","Seoul","No","No","2011","YES","21","4","R0","7th","T2","N2","M0","Stage IIB","Alive","538","[Not Applicable]","TUMOR FREE","[Not Available]","NO","NO","NO","[Not Available]","NO","YES","[Not Applicable]","NO","53","Antrum/Distal","[Not Available]","[Not Available]","No","[Not Applicable]","[Not Applicable]","[Not Applicable]","[Not Applicable]","0","[Not Available]","[Not Available]","[Not Available]","[Not Applicable]","No","C16.3","8211/3","C16.3","YES","[Not Available]","A4H4","[Not Available]","[Not Available]","HU","Stomach"
"98760B3E-3075-4444-9A01-8F11935069D4","TCGA-HU-A4H8","2013-3-11","Stomach, Intestinal Adenocarcinoma, Tubular Type","G2","NO","YES","MALE","-28292","ASIAN","NOT HISPANIC OR LATINO","[Not Available]","Daegu","No","No","2012","YES","62","1","R0","7th","T1b","N1","M0","Stage IB","Alive","270","[Not Applicable]","TUMOR FREE","[Not Available]","[Unknown]","[Unknown]","NO","[Not Available]","NO","YES","Complete Remission/Response","NO","77","Antrum/Distal","[Not Available]","[Not Available]","Yes","[Not Applicable]","[Not Applicable]","[Not Applicable]","[Not Applicable]","0","[Not Available]","[Not Available]","[Not Available]","[Not Applicable]","No","C16.3","8211/3","C16.3","YES","[Not Available]","A4H8","[Not Available]","[Not Available]","HU","Stomach"
"43E3FBF3-7812-45FB-BF4C-CE22A2AA1EEE","TCGA-MX-A5UJ","2013-5-10","Stomach, Intestinal Adenocarcinoma, Tubular Type","G3","YES","NO","FEMALE","-31517","WHITE","NOT HISPANIC OR LATINO","New York","New York","No","No","2012","YES","44","6","R0","7th","T3","N2","M0","Stage IIIA","Alive","137","[Not Applicable]","TUMOR FREE","[Not Available]","NO","YES","NO","0","NO","NO","Complete Remission/Response","NO","86","Antrum/Distal","[Not Available]","Antacids","No","[Not Applicable]","[Not Applicable]","[Not Applicable]","[Not Applicable]","0","[Not Available]","[Not Available]","[Not Available]","[Not Applicable]","No","C16.3","8211/3","C16.3","YES","[Not Available]","A5UJ","[Not Available]","[Not Available]","MX","Stomach"
"FDB40436-A545-40DA-8C6B-2F8AFF359FF6","TCGA-RD-A8NB","2014-1-30","Stomach, Adenocarcinoma, Diffuse Type","G3","NO","YES","FEMALE","-29503","WHITE","NOT HISPANIC OR LATINO","Victoria","Melbourne","No","No","2000","YES","15","3","R1","6th","T3","N1","M0","Stage IIIA","Dead","[Not Available]","513","WITH TUMOR","Stomach Cancer","NO","YES","YES","1","NO","NO","Partial Remission/Response","YES","80","Antrum/Distal","[Not Available]","Proton Pump Inhibitors","No","[Not Applicable]","[Not Applicable]","[Not Applicable]","[Not Applicable]","0","[Not Available]","[Not Available]","[Not Available]","[Not Applicable]","Yes","C16.0","8145/3","C16.0","YES","[Not Available]","A8NB","[Not Available]","[Not Available]","RD","Stomach"
"76C666E8-75C0-4E82-978C-1E346435B0FA","TCGA-SW-A7EA","2014-2-3","Stomach, Adenocarcinoma, Diffuse Type","GX","YES","NO","FEMALE","-22294","WHITE","NOT HISPANIC OR LATINO","Moldova","Chisinau","No","No","2013","YES","11","0","R0","7th","T2","N0","M0","Stage IB","Alive","13","[Not Applicable]","[Unknown]","[Not Available]","NO","[Not Available]","NO","[Not Available]","NO","NO","Complete Remission/Response","NO","61","Antrum/Distal","[Not Available]","[Not Available]","No","[Not Applicable]","[Not Applicable]","[Not Applicable]","[Not Applicable]","0","[Not Available]","[Not Available]","[Not Available]","[Not Applicable]","No","C16.3","8490/3","C16.3","YES","[Not Available]","A7EA","[Not Available]","[Not Available]","SW","Stomach"
"E9B3822B-699D-412F-ABD2-DF399EFCCE8C","TCGA-VQ-A8E3","2014-4-22","Stomach, Intestinal Adenocarcinoma, Not Otherwise Specified (NOS)","G3","NO","YES","MALE","-28919","WHITE","[Not Evaluated]","Sao Paulo","Barretos","No","No","2011","YES","20","0","R0","7th","T3","N0","M0","Stage IIA","Dead","[Not Available]","661","[Unknown]","[Unknown]","NO","NO","NO","[Not Available]","NO","NO","[Unknown]","YES","79","Antrum/Distal","[Not Available]","[Not Available]","No","[Not Applicable]","[Not Applicable]","[Not Applicable]","[Not Applicable]","0","[Not Available]","[Not Available]","[Not Available]","[Not Applicable]","No","C16.3","8140/3","C16.3","YES","[Not Available]","A8E3","[Not Available]","[Not Available]","VQ","Stomach"
"A0D35A25-3500-46F3-874F-1A0820200473","TCGA-VQ-A8P2","2014-3-26","Stomach, Intestinal Adenocarcinoma, Mucinous Type","G2","NO","YES","MALE","-25129","WHITE","[Not Evaluated]","Sao Paulo","Barretos","No","No","2011","YES","16","1","R0","7th","T4a","N1","M0","Stage IIIA","Alive","680","[Not Applicable]","TUMOR FREE","[Not Available]","NO","NO","NO","[Not Available]","YES","YES","Complete Remission/Response","NO","68","Fundus/Body","[Not Available]","[Not Available]","No","[Not Applicable]","[Not Applicable]","[Not Applicable]","[Not Applicable]","0","[Not Available]","[Not Available]","[Not Available]","[Not Applicable]","No","C16.2","8480/3","C16.2","YES","[Not Available]","A8P2","[Not Available]","[Not Available]","VQ","Stomach"
"02661985-D13F-4007-9A42-5E08D1A6CA10","TCGA-VQ-A8PB","2014-3-26","Stomach, Intestinal Adenocarcinoma, Papillary Type","G2","NO","YES","FEMALE","-23927","WHITE","[Not Evaluated]","Sao Paulo","Barretos","No","No","2011","YES","47","0","R0","6th","T3","N0","M0","Stage II","Alive","1023","[Not Applicable]","TUMOR FREE","[Not Available]","NO","NO","NO","[Not Available]","YES","YES","Complete Remission/Response","NO","65","Antrum/Distal","[Not Available]","[Not Available]","No","[Not Applicable]","[Not Applicable]","[Not Applicable]","[Not Applicable]","0","[Not Available]","[Not Available]","[Not Available]","[Not Applicable]","No","C16.3","8260/3","C16.3","YES","[Not Available]","A8PB","[Not Available]","[Not Available]","VQ","Stomach"
"4EC9DBB4-358D-4C59-8039-552C7006C2BF","TCGA-VQ-A8PO","2014-3-30","Stomach Adenocarcinoma, Signet Ring Type","G3","NO","YES","MALE","-27250","WHITE","[Not Evaluated]","Sao Paulo","Barretos","No","No","2008","YES","26","0","R0","7th","T4a","N0","M0","Stage IIB","Dead","[Not Available]","282","[Unknown]","Stomach Cancer","NO","NO","NO","[Not Available]","NO","NO","Progressive Disease","YES","74","Antrum/Distal","[Not Available]","[Not Available]","No","[Not Applicable]","[Not Applicable]","[Not Applicable]","[Not Applicable]","0","[Not Available]","[Not Available]","[Not Available]","[Not Applicable]","No","C16.3","8490/3","C16.3","YES","[Not Available]","A8PO","[Not Available]","[Not Available]","VQ","Stomach"
"E181474C-1585-4AED-BA90-BAE5324569D5","TCGA-VQ-A8PP","2014-3-30","Stomach, Intestinal Adenocarcinoma, Tubular Type","G2","NO","YES","MALE","-27774","[Unknown]","[Not Evaluated]","Sao Paulo","Barretos","No","No","2008","YES","19","3","R1","6th","T4","N1","M0","Stage IV","Dead","[Not Available]","712","WITH TUMOR","Stomach Cancer","NO","NO","NO","[Not Available]","NO","YES","Progressive Disease","YES","76","Fundus/Body","[Not Available]","[Not Available]","No","[Not Applicable]","[Not Applicable]","[Not Applicable]","[Not Applicable]","0","[Not Available]","[Not Available]","[Not Available]","[Not Applicable]","No","C16.2","8211/3","C16.2","YES","[Not Available]","A8PP","[Not Available]","[Not Available]","VQ","Stomach"
"5C1AFB64-DA74-4D2C-8BE3-E6C21D2952A9","TCGA-VQ-A8PT","2014-3-30","Stomach, Intestinal Adenocarcinoma, Not Otherwise Specified (NOS)","G3","NO","YES","MALE","-23797","WHITE","[Not Evaluated]","Sao Paulo","Barretos","No","No","2012","YES","38","0","R0","7th","T4b","N0","M0","Stage IIIB","Alive","587","[Not Applicable]","TUMOR FREE","[Not Available]","NO","NO","NO","[Not Available]","NO","YES","Complete Remission/Response","NO","65","Fundus/Body","[Not Available]","[Not Available]","No","[Not Applicable]","[Not Applicable]","[Not Applicable]","[Not Applicable]","0","[Not Available]","[Not Available]","[Not Available]","[Not Applicable]","No","C16.2","8144/3","C16.2","YES","[Not Available]","A8PT","[Not Available]","[Not Available]","VQ","Stomach"
"E6634A0A-9AB0-441E-A667-2F7F6C7368CC","TCGA-VQ-A8PX","2014-3-30","Stomach, Intestinal Adenocarcinoma, Not Otherwise Specified (NOS)","G2","NO","YES","MALE","-18902","[Unknown]","[Not Evaluated]","Sao Paulo","Barretos","No","No","2009","YES","24","0","R0","6th","T1","N0","M0","Stage IA","Alive","1597","[Not Applicable]","TUMOR FREE","[Not Available]","NO","NO","NO","[Not Available]","NO","NO","Complete Remission/Response","NO","51","Other (please specify)","Gastric stump","[Not Available]","No","[Not Applicable]","[Not Applicable]","[Not Applicable]","[Not Applicable]","0","[Not Available]","[Not Available]","[Not Available]","[Not Applicable]","No","C16.9","8144/3","C16.9","YES","[Not Available]","A8PX","[Not Available]","[Not Available]","VQ","Stomach"
"33A9F48E-75E5-4EC5-8E4A-7C6D91A98656","TCGA-VQ-A91D","2014-9-9","Stomach, Intestinal Adenocarcinoma, Not Otherwise Specified (NOS)","G2","NO","NO","MALE","-25686","WHITE","[Not Evaluated]","Sao Paulo","Barretos","No","No","2010","YES","33","5","R0","7th","T4b","N2","M0","Stage IIIC","Dead","[Not Available]","356","WITH TUMOR","Stomach Cancer","NO","NO","NO","[Not Available]","NO","YES","Progressive Disease","YES","70","Fundus/Body","[Not Available]","[Not Available]","No","[Not Applicable]","[Not Applicable]","[Not Applicable]","[Not Applicable]","0","[Not Available]","[Not Available]","[Not Available]","[Not Applicable]","No","C16.2","8144/3","C16.2","YES","[Not Available]","A91D","[Not Available]","[Not Available]","VQ","Stomach"
"2E04B48C-0805-4965-8AFA-C5FCD32993C5","TCGA-VQ-A91E","2014-4-23","Stomach, Intestinal Adenocarcinoma, Tubular Type","G3","NO","YES","FEMALE","-24549","WHITE","[Not Evaluated]","Sao Paulo","Barretos","No","No","2013","YES","29","0","R0","7th","T4b","N0","M0","Stage IIIB","Alive","264","[Not Applicable]","TUMOR FREE","[Not Available]","NO","NO","NO","[Not Available]","NO","YES","Complete Remission/Response","NO","67","Antrum/Distal","[Not Available]","[Not Available]","No","[Not Applicable]","[Not Applicable]","[Not Applicable]","[Not Applicable]","0","[Not Available]","[Not Available]","[Not Available]","[Not Applicable]","No","C16.3","8144/3","C16.3","YES","[Not Available]","A91E","[Not Available]","[Not Available]","VQ","Stomach"
"2983F08C-3B32-4FB3-9D7E-5B34F9C2F741","TCGA-VQ-A91K","2014-4-23","Stomach, Intestinal Adenocarcinoma, Not Otherwise Specified (NOS)","G2","NO","YES","MALE","-25424","WHITE","[Not Evaluated]","Sao Paulo","Barretos","No","No","2009","YES","31","4","R0","6th","T3","N1","M0","Stage IIIA","Alive","1498","[Not Applicable]","TUMOR FREE","[Not Available]","NO","NO","NO","[Not Available]","YES","YES","Complete Remission/Response","NO","69","Antrum/Distal","[Not Available]","[Not Available]","No","[Not Applicable]","[Not Applicable]","[Not Applicable]","[Not Applicable]","0","[Not Available]","[Not Available]","[Not Available]","[Not Applicable]","No","C16.3","8144/3","C16.3","YES","[Not Available]","A91K","[Not Available]","[Not Available]","VQ","Stomach"
"C656375B-6B63-4728-A126-DBD746A1F437","TCGA-VQ-A924","2014-4-23","Stomach, Intestinal Adenocarcinoma, Tubular Type","G2","NO","YES","MALE","-25351","[Unknown]","[Not Evaluated]","Sao Paulo","Barretos","No","No","2008","YES","27","0","R0","6th","T3","N0","M0","Stage II","Dead","[Not Available]","1686","WITH TUMOR","Stomach Cancer","NO","NO","NO","[Not Available]","NO","NO","Progressive Disease","YES","69","Antrum/Distal","[Not Available]","[Not Available]","No","[Not Applicable]","[Not Applicable]","[Not Applicable]","[Not Applicable]","0","[Not Available]","[Not Available]","[Not Available]","[Not Applicable]","No","C16.3","8211/3","C16.3","YES","[Not Available]","A924","[Not Available]","[Not Available]","VQ","Stomach"
"5779F7A7-05D7-4972-BD4F-AACB32420510","TCGA-VQ-AA6D","2014-9-9","Stomach, Intestinal Adenocarcinoma, Tubular Type","G2","NO","YES","FEMALE","-19090","[Unknown]","[Not Evaluated]","Sao Paulo","Barretos","No","No","2013","YES","36","2","R0","7th","T4a","N1","M0","Stage IIIA","Alive","521","[Not Applicable]","TUMOR FREE","[Not Available]","NO","NO","NO","[Not Available]","YES","YES","Complete Remission/Response","NO","52","Antrum/Distal","[Not Available]","[Not Available]","No","[Not Applicable]","[Not Applicable]","[Not Applicable]","[Not Applicable]","0","[Not Available]","[Not Available]","[Not Available]","[Not Applicable]","Yes","C16.3","8211/3","C16.3","YES","[Not Available]","AA6D","[Not Available]","[Not Available]","VQ","Stomach"
