"Study.ID","Patient.ID","Subtype"
"stad_tcga_pan_can_atlas_2018","TCGA-3M-AB46","STAD_CIN"
"stad_tcga_pan_can_atlas_2018","TCGA-3M-AB47","STAD_GS"
"stad_tcga_pan_can_atlas_2018","TCGA-B7-5816","STAD_MSI"
"stad_tcga_pan_can_atlas_2018","TCGA-B7-5818","STAD_EBV"
"stad_tcga_pan_can_atlas_2018","TCGA-B7-A5TI","STAD_MSI"
"stad_tcga_pan_can_atlas_2018","TCGA-B7-A5TJ","STAD_MSI"
"stad_tcga_pan_can_atlas_2018","TCGA-B7-A5TK","STAD_EBV"
"stad_tcga_pan_can_atlas_2018","TCGA-B7-A5TN","STAD_CIN"
"stad_tcga_pan_can_atlas_2018","TCGA-BR-4187","STAD_GS"
"stad_tcga_pan_can_atlas_2018","TCGA-BR-4191","STAD_CIN"
"stad_tcga_pan_can_atlas_2018","TCGA-BR-4201","STAD_MSI"
"stad_tcga_pan_can_atlas_2018","TCGA-BR-4253","STAD_EBV"
"stad_tcga_pan_can_atlas_2018","TCGA-BR-4255","STAD_CIN"
"stad_tcga_pan_can_atlas_2018","TCGA-BR-4256","STAD_MSI"
"stad_tcga_pan_can_atlas_2018","TCGA-BR-4257","STAD_MSI"
"stad_tcga_pan_can_atlas_2018","TCGA-BR-4267","STAD_CIN"
"stad_tcga_pan_can_atlas_2018","TCGA-BR-4279","STAD_CIN"
"stad_tcga_pan_can_atlas_2018","TCGA-BR-4280","STAD_MSI"
"stad_tcga_pan_can_atlas_2018","TCGA-BR-4292","STAD_MSI"
"stad_tcga_pan_can_atlas_2018","TCGA-BR-4294","STAD_CIN"
"stad_tcga_pan_can_atlas_2018","TCGA-BR-4357","STAD_CIN"
"stad_tcga_pan_can_atlas_2018","TCGA-BR-4361","STAD_MSI"
"stad_tcga_pan_can_atlas_2018","TCGA-BR-4362","STAD_MSI"
"stad_tcga_pan_can_atlas_2018","TCGA-BR-4363","STAD_MSI"
"stad_tcga_pan_can_atlas_2018","TCGA-BR-4366","STAD_CIN"
"stad_tcga_pan_can_atlas_2018","TCGA-BR-4368","STAD_MSI"
"stad_tcga_pan_can_atlas_2018","TCGA-BR-4369","STAD_CIN"
"stad_tcga_pan_can_atlas_2018","TCGA-BR-4370","STAD_MSI"
"stad_tcga_pan_can_atlas_2018","TCGA-BR-4371","STAD_GS"
"stad_tcga_pan_can_atlas_2018","TCGA-BR-6452","STAD_MSI"
"stad_tcga_pan_can_atlas_2018","TCGA-BR-6453","STAD_GS"
"stad_tcga_pan_can_atlas_2018","TCGA-BR-6454","STAD_CIN"
"stad_tcga_pan_can_atlas_2018","TCGA-BR-6455","STAD_EBV"
"stad_tcga_pan_can_atlas_2018","TCGA-BR-6456","STAD_CIN"
"stad_tcga_pan_can_atlas_2018","TCGA-BR-6457","STAD_GS"
"stad_tcga_pan_can_atlas_2018","TCGA-BR-6458","STAD_CIN"
"stad_tcga_pan_can_atlas_2018","TCGA-BR-6563","STAD_GS"
"stad_tcga_pan_can_atlas_2018","TCGA-BR-6564","STAD_CIN"
"stad_tcga_pan_can_atlas_2018","TCGA-BR-6565","STAD_CIN"
"stad_tcga_pan_can_atlas_2018","TCGA-BR-6566","STAD_MSI"
"stad_tcga_pan_can_atlas_2018","TCGA-BR-6705","STAD_CIN"
"stad_tcga_pan_can_atlas_2018","TCGA-BR-6706","STAD_EBV"
"stad_tcga_pan_can_atlas_2018","TCGA-BR-6707","STAD_EBV"
"stad_tcga_pan_can_atlas_2018","TCGA-BR-6801","STAD_CIN"
"stad_tcga_pan_can_atlas_2018","TCGA-BR-6802","STAD_MSI"
"stad_tcga_pan_can_atlas_2018","TCGA-BR-6803","STAD_GS"
"stad_tcga_pan_can_atlas_2018","TCGA-BR-6852","STAD_MSI"
"stad_tcga_pan_can_atlas_2018","TCGA-BR-7196","STAD_EBV"
"stad_tcga_pan_can_atlas_2018","TCGA-BR-7197","STAD_CIN"
"stad_tcga_pan_can_atlas_2018","TCGA-BR-7703","STAD_MSI"
"stad_tcga_pan_can_atlas_2018","TCGA-BR-7707","STAD_MSI"
"stad_tcga_pan_can_atlas_2018","TCGA-BR-7715","STAD_CIN"
"stad_tcga_pan_can_atlas_2018","TCGA-BR-7716","STAD_CIN"
"stad_tcga_pan_can_atlas_2018","TCGA-BR-7717","STAD_CIN"
"stad_tcga_pan_can_atlas_2018","TCGA-BR-7722","STAD_CIN"
"stad_tcga_pan_can_atlas_2018","TCGA-BR-7723","STAD_CIN"
"stad_tcga_pan_can_atlas_2018","TCGA-BR-7851","STAD_MSI"
"stad_tcga_pan_can_atlas_2018","TCGA-BR-7901","STAD_CIN"
"stad_tcga_pan_can_atlas_2018","TCGA-BR-7957","STAD_CIN"
"stad_tcga_pan_can_atlas_2018","TCGA-BR-7958","STAD_EBV"
"stad_tcga_pan_can_atlas_2018","TCGA-BR-7959","STAD_CIN"
"stad_tcga_pan_can_atlas_2018","TCGA-BR-8058","STAD_CIN"
"stad_tcga_pan_can_atlas_2018","TCGA-BR-8059","STAD_MSI"
"stad_tcga_pan_can_atlas_2018","TCGA-BR-8077","STAD_CIN"
"stad_tcga_pan_can_atlas_2018","TCGA-BR-8078","STAD_MSI"
"stad_tcga_pan_can_atlas_2018","TCGA-BR-8080","STAD_CIN"
"stad_tcga_pan_can_atlas_2018","TCGA-BR-8081","STAD_MSI"
"stad_tcga_pan_can_atlas_2018","TCGA-BR-8284","STAD_MSI"
"stad_tcga_pan_can_atlas_2018","TCGA-BR-8286","STAD_CIN"
"stad_tcga_pan_can_atlas_2018","TCGA-BR-8289","STAD_CIN"
"stad_tcga_pan_can_atlas_2018","TCGA-BR-8291","STAD_CIN"
"stad_tcga_pan_can_atlas_2018","TCGA-BR-8297","STAD_CIN"
"stad_tcga_pan_can_atlas_2018","TCGA-BR-8361","STAD_MSI"
"stad_tcga_pan_can_atlas_2018","TCGA-BR-8363","STAD_MSI"
"stad_tcga_pan_can_atlas_2018","TCGA-BR-8364","STAD_CIN"
"stad_tcga_pan_can_atlas_2018","TCGA-BR-8365","STAD_CIN"
"stad_tcga_pan_can_atlas_2018","TCGA-BR-8366","STAD_EBV"
"stad_tcga_pan_can_atlas_2018","TCGA-BR-8367","STAD_GS"
"stad_tcga_pan_can_atlas_2018","TCGA-BR-8368","STAD_MSI"
"stad_tcga_pan_can_atlas_2018","TCGA-BR-8369","STAD_CIN"
"stad_tcga_pan_can_atlas_2018","TCGA-BR-8371","STAD_GS"
"stad_tcga_pan_can_atlas_2018","TCGA-BR-8372","STAD_MSI"
"stad_tcga_pan_can_atlas_2018","TCGA-BR-8373","STAD_CIN"
"stad_tcga_pan_can_atlas_2018","TCGA-BR-8380","STAD_GS"
"stad_tcga_pan_can_atlas_2018","TCGA-BR-8381","STAD_EBV"
"stad_tcga_pan_can_atlas_2018","TCGA-BR-8382","STAD_MSI"
"stad_tcga_pan_can_atlas_2018","TCGA-BR-8384","STAD_GS"
"stad_tcga_pan_can_atlas_2018","TCGA-BR-8483","STAD_CIN"
"stad_tcga_pan_can_atlas_2018","TCGA-BR-8484","STAD_CIN"
"stad_tcga_pan_can_atlas_2018","TCGA-BR-8485","STAD_CIN"
"stad_tcga_pan_can_atlas_2018","TCGA-BR-8486","STAD_CIN"
"stad_tcga_pan_can_atlas_2018","TCGA-BR-8487","STAD_MSI"
"stad_tcga_pan_can_atlas_2018","TCGA-BR-8588","STAD_CIN"
"stad_tcga_pan_can_atlas_2018","TCGA-BR-8589","STAD_EBV"
"stad_tcga_pan_can_atlas_2018","TCGA-BR-8590","STAD_CIN"
"stad_tcga_pan_can_atlas_2018","TCGA-BR-8591","STAD_MSI"
"stad_tcga_pan_can_atlas_2018","TCGA-BR-8592","STAD_GS"
"stad_tcga_pan_can_atlas_2018","TCGA-BR-8677","STAD_CIN"
"stad_tcga_pan_can_atlas_2018","TCGA-BR-8678","STAD_CIN"
"stad_tcga_pan_can_atlas_2018","TCGA-BR-8679","STAD_CIN"
"stad_tcga_pan_can_atlas_2018","TCGA-BR-8680","STAD_POLE"
"stad_tcga_pan_can_atlas_2018","TCGA-BR-8682","STAD_CIN"
"stad_tcga_pan_can_atlas_2018","TCGA-BR-8683","STAD_CIN"
"stad_tcga_pan_can_atlas_2018","TCGA-BR-8686","STAD_EBV"
"stad_tcga_pan_can_atlas_2018","TCGA-BR-8687","STAD_CIN"
"stad_tcga_pan_can_atlas_2018","TCGA-BR-A44T","STAD_GS"
"stad_tcga_pan_can_atlas_2018","TCGA-BR-A44U","STAD_CIN"
"stad_tcga_pan_can_atlas_2018","TCGA-BR-A452","STAD_CIN"
"stad_tcga_pan_can_atlas_2018","TCGA-BR-A453","STAD_GS"
"stad_tcga_pan_can_atlas_2018","TCGA-BR-A4CR","STAD_CIN"
"stad_tcga_pan_can_atlas_2018","TCGA-BR-A4CS","STAD_CIN"
"stad_tcga_pan_can_atlas_2018","TCGA-BR-A4IU","STAD_GS"
"stad_tcga_pan_can_atlas_2018","TCGA-BR-A4IV","STAD_GS"
"stad_tcga_pan_can_atlas_2018","TCGA-BR-A4IY","STAD_CIN"
"stad_tcga_pan_can_atlas_2018","TCGA-BR-A4IZ","STAD_GS"
"stad_tcga_pan_can_atlas_2018","TCGA-BR-A4J1","STAD_CIN"
"stad_tcga_pan_can_atlas_2018","TCGA-BR-A4J2","STAD_GS"
"stad_tcga_pan_can_atlas_2018","TCGA-BR-A4J4","STAD_EBV"
"stad_tcga_pan_can_atlas_2018","TCGA-BR-A4J5","STAD_GS"
"stad_tcga_pan_can_atlas_2018","TCGA-BR-A4J6","STAD_CIN"
"stad_tcga_pan_can_atlas_2018","TCGA-BR-A4J7","STAD_CIN"
"stad_tcga_pan_can_atlas_2018","TCGA-BR-A4J8","STAD_CIN"
"stad_tcga_pan_can_atlas_2018","TCGA-BR-A4J9","STAD_GS"
"stad_tcga_pan_can_atlas_2018","TCGA-BR-A4PD","STAD_CIN"
"stad_tcga_pan_can_atlas_2018","TCGA-BR-A4PE","STAD_CIN"
"stad_tcga_pan_can_atlas_2018","TCGA-BR-A4PF","STAD_CIN"
"stad_tcga_pan_can_atlas_2018","TCGA-BR-A4QI","STAD_CIN"
"stad_tcga_pan_can_atlas_2018","TCGA-CD-5798","STAD_GS"
"stad_tcga_pan_can_atlas_2018","TCGA-CD-5799","STAD_CIN"
"stad_tcga_pan_can_atlas_2018","TCGA-CD-5800","STAD_CIN"
"stad_tcga_pan_can_atlas_2018","TCGA-CD-5801","STAD_EBV"
"stad_tcga_pan_can_atlas_2018","TCGA-CD-5803","STAD_CIN"
"stad_tcga_pan_can_atlas_2018","TCGA-CD-5804","STAD_CIN"
"stad_tcga_pan_can_atlas_2018","TCGA-CD-8524","STAD_CIN"
"stad_tcga_pan_can_atlas_2018","TCGA-CD-8526","STAD_CIN"
"stad_tcga_pan_can_atlas_2018","TCGA-CD-8528","STAD_CIN"
"stad_tcga_pan_can_atlas_2018","TCGA-CD-8529","STAD_POLE"
"stad_tcga_pan_can_atlas_2018","TCGA-CD-8530","STAD_CIN"
"stad_tcga_pan_can_atlas_2018","TCGA-CD-8531","STAD_GS"
"stad_tcga_pan_can_atlas_2018","TCGA-CD-8532","STAD_CIN"
"stad_tcga_pan_can_atlas_2018","TCGA-CD-8534","STAD_GS"
"stad_tcga_pan_can_atlas_2018","TCGA-CD-8535","STAD_CIN"
"stad_tcga_pan_can_atlas_2018","TCGA-CD-8536","STAD_MSI"
"stad_tcga_pan_can_atlas_2018","TCGA-CD-A486","STAD_CIN"
"stad_tcga_pan_can_atlas_2018","TCGA-CD-A487","STAD_CIN"
"stad_tcga_pan_can_atlas_2018","TCGA-CD-A489","STAD_CIN"
"stad_tcga_pan_can_atlas_2018","TCGA-CD-A48A","STAD_CIN"
"stad_tcga_pan_can_atlas_2018","TCGA-CD-A48C","STAD_CIN"
"stad_tcga_pan_can_atlas_2018","TCGA-CD-A4MG","STAD_MSI"
"stad_tcga_pan_can_atlas_2018","TCGA-CD-A4MH","STAD_CIN"
"stad_tcga_pan_can_atlas_2018","TCGA-CD-A4MI","STAD_MSI"
"stad_tcga_pan_can_atlas_2018","TCGA-CD-A4MJ","STAD_MSI"
"stad_tcga_pan_can_atlas_2018","TCGA-CG-4301","STAD_CIN"
"stad_tcga_pan_can_atlas_2018","TCGA-CG-4304","STAD_CIN"
"stad_tcga_pan_can_atlas_2018","TCGA-CG-4305","STAD_MSI"
"stad_tcga_pan_can_atlas_2018","TCGA-CG-4306","STAD_MSI"
"stad_tcga_pan_can_atlas_2018","TCGA-CG-4436","STAD_CIN"
"stad_tcga_pan_can_atlas_2018","TCGA-CG-4437","STAD_POLE"
"stad_tcga_pan_can_atlas_2018","TCGA-CG-4438","STAD_CIN"
"stad_tcga_pan_can_atlas_2018","TCGA-CG-4440","STAD_CIN"
"stad_tcga_pan_can_atlas_2018","TCGA-CG-4441","STAD_GS"
"stad_tcga_pan_can_atlas_2018","TCGA-CG-4442","STAD_MSI"
"stad_tcga_pan_can_atlas_2018","TCGA-CG-4443","STAD_CIN"
"stad_tcga_pan_can_atlas_2018","TCGA-CG-4444","STAD_CIN"
"stad_tcga_pan_can_atlas_2018","TCGA-CG-4449","STAD_CIN"
"stad_tcga_pan_can_atlas_2018","TCGA-CG-4462","STAD_GS"
"stad_tcga_pan_can_atlas_2018","TCGA-CG-4465","STAD_MSI"
"stad_tcga_pan_can_atlas_2018","TCGA-CG-4466","STAD_CIN"
"stad_tcga_pan_can_atlas_2018","TCGA-CG-4469","STAD_CIN"
"stad_tcga_pan_can_atlas_2018","TCGA-CG-4474","STAD_GS"
"stad_tcga_pan_can_atlas_2018","TCGA-CG-4475","STAD_CIN"
"stad_tcga_pan_can_atlas_2018","TCGA-CG-4476","STAD_CIN"
"stad_tcga_pan_can_atlas_2018","TCGA-CG-4477","STAD_CIN"
"stad_tcga_pan_can_atlas_2018","TCGA-CG-5717","STAD_GS"
"stad_tcga_pan_can_atlas_2018","TCGA-CG-5718","STAD_CIN"
"stad_tcga_pan_can_atlas_2018","TCGA-CG-5719","STAD_CIN"
"stad_tcga_pan_can_atlas_2018","TCGA-CG-5720","STAD_CIN"
"stad_tcga_pan_can_atlas_2018","TCGA-CG-5721","STAD_MSI"
"stad_tcga_pan_can_atlas_2018","TCGA-CG-5722","STAD_EBV"
"stad_tcga_pan_can_atlas_2018","TCGA-CG-5723","STAD_MSI"
"stad_tcga_pan_can_atlas_2018","TCGA-CG-5724","STAD_CIN"
"stad_tcga_pan_can_atlas_2018","TCGA-CG-5726","STAD_MSI"
"stad_tcga_pan_can_atlas_2018","TCGA-CG-5732","STAD_CIN"
"stad_tcga_pan_can_atlas_2018","TCGA-CG-5734","STAD_CIN"
"stad_tcga_pan_can_atlas_2018","TCGA-D7-5577","STAD_EBV"
"stad_tcga_pan_can_atlas_2018","TCGA-D7-5578","STAD_CIN"
"stad_tcga_pan_can_atlas_2018","TCGA-D7-6518","STAD_CIN"
"stad_tcga_pan_can_atlas_2018","TCGA-D7-6519","STAD_CIN"
"stad_tcga_pan_can_atlas_2018","TCGA-D7-6520","STAD_CIN"
"stad_tcga_pan_can_atlas_2018","TCGA-D7-6521","STAD_CIN"
"stad_tcga_pan_can_atlas_2018","TCGA-D7-6522","STAD_GS"
"stad_tcga_pan_can_atlas_2018","TCGA-D7-6524","STAD_GS"
"stad_tcga_pan_can_atlas_2018","TCGA-D7-6525","STAD_CIN"
"stad_tcga_pan_can_atlas_2018","TCGA-D7-6526","STAD_CIN"
"stad_tcga_pan_can_atlas_2018","TCGA-D7-6527","STAD_CIN"
"stad_tcga_pan_can_atlas_2018","TCGA-D7-6528","STAD_POLE"
"stad_tcga_pan_can_atlas_2018","TCGA-D7-6815","STAD_CIN"
"stad_tcga_pan_can_atlas_2018","TCGA-D7-6817","STAD_CIN"
"stad_tcga_pan_can_atlas_2018","TCGA-D7-6818","STAD_CIN"
"stad_tcga_pan_can_atlas_2018","TCGA-D7-6820","STAD_CIN"
"stad_tcga_pan_can_atlas_2018","TCGA-D7-6822","STAD_CIN"
"stad_tcga_pan_can_atlas_2018","TCGA-D7-8570","STAD_EBV"
"stad_tcga_pan_can_atlas_2018","TCGA-D7-8572","STAD_GS"
"stad_tcga_pan_can_atlas_2018","TCGA-D7-8573","STAD_EBV"
"stad_tcga_pan_can_atlas_2018","TCGA-D7-8574","STAD_GS"
"stad_tcga_pan_can_atlas_2018","TCGA-D7-8575","STAD_CIN"
"stad_tcga_pan_can_atlas_2018","TCGA-D7-8576","STAD_CIN"
"stad_tcga_pan_can_atlas_2018","TCGA-D7-8578","STAD_CIN"
"stad_tcga_pan_can_atlas_2018","TCGA-D7-8579","STAD_GS"
"stad_tcga_pan_can_atlas_2018","TCGA-D7-A4YT","STAD_CIN"
"stad_tcga_pan_can_atlas_2018","TCGA-D7-A4YU","STAD_CIN"
"stad_tcga_pan_can_atlas_2018","TCGA-D7-A4YV","STAD_MSI"
"stad_tcga_pan_can_atlas_2018","TCGA-D7-A4YX","STAD_EBV"
"stad_tcga_pan_can_atlas_2018","TCGA-D7-A4YY","STAD_MSI"
"stad_tcga_pan_can_atlas_2018","TCGA-D7-A4Z0","STAD_GS"
"stad_tcga_pan_can_atlas_2018","TCGA-D7-A6EV","STAD_CIN"
"stad_tcga_pan_can_atlas_2018","TCGA-D7-A6EX","STAD_CIN"
"stad_tcga_pan_can_atlas_2018","TCGA-D7-A6EY","STAD_MSI"
"stad_tcga_pan_can_atlas_2018","TCGA-D7-A6EZ","STAD_EBV"
"stad_tcga_pan_can_atlas_2018","TCGA-D7-A6F0","STAD_CIN"
"stad_tcga_pan_can_atlas_2018","TCGA-D7-A6F2","STAD_CIN"
"stad_tcga_pan_can_atlas_2018","TCGA-D7-A747","STAD_CIN"
"stad_tcga_pan_can_atlas_2018","TCGA-D7-A748","STAD_GS"
"stad_tcga_pan_can_atlas_2018","TCGA-D7-A74A","STAD_CIN"
"stad_tcga_pan_can_atlas_2018","TCGA-EQ-8122","STAD_CIN"
"stad_tcga_pan_can_atlas_2018","TCGA-EQ-A4SO","STAD_CIN"
"stad_tcga_pan_can_atlas_2018","TCGA-F1-6177","STAD_MSI"
"stad_tcga_pan_can_atlas_2018","TCGA-F1-6874","STAD_MSI"
"stad_tcga_pan_can_atlas_2018","TCGA-F1-6875","STAD_CIN"
"stad_tcga_pan_can_atlas_2018","TCGA-F1-A448","STAD_MSI"
"stad_tcga_pan_can_atlas_2018","TCGA-F1-A72C","STAD_CIN"
"stad_tcga_pan_can_atlas_2018","TCGA-FP-7735","STAD_CIN"
"stad_tcga_pan_can_atlas_2018","TCGA-FP-7829","STAD_CIN"
"stad_tcga_pan_can_atlas_2018","TCGA-FP-7916","STAD_EBV"
"stad_tcga_pan_can_atlas_2018","TCGA-FP-7998","STAD_EBV"
"stad_tcga_pan_can_atlas_2018","TCGA-FP-8099","STAD_CIN"
"stad_tcga_pan_can_atlas_2018","TCGA-FP-8209","STAD_GS"
"stad_tcga_pan_can_atlas_2018","TCGA-FP-8210","STAD_GS"
"stad_tcga_pan_can_atlas_2018","TCGA-FP-8211","STAD_CIN"
"stad_tcga_pan_can_atlas_2018","TCGA-FP-8631","STAD_CIN"
"stad_tcga_pan_can_atlas_2018","TCGA-FP-A4BF","STAD_CIN"
"stad_tcga_pan_can_atlas_2018","TCGA-FP-A8CX","STAD_CIN"
"stad_tcga_pan_can_atlas_2018","TCGA-FP-A9TM","STAD_CIN"
"stad_tcga_pan_can_atlas_2018","TCGA-HF-7132","STAD_MSI"
"stad_tcga_pan_can_atlas_2018","TCGA-HF-7133","STAD_CIN"
"stad_tcga_pan_can_atlas_2018","TCGA-HF-7136","STAD_CIN"
"stad_tcga_pan_can_atlas_2018","TCGA-HF-A5NB","STAD_MSI"
"stad_tcga_pan_can_atlas_2018","TCGA-HU-8249","STAD_CIN"
"stad_tcga_pan_can_atlas_2018","TCGA-HU-8602","STAD_MSI"
"stad_tcga_pan_can_atlas_2018","TCGA-HU-8604","STAD_CIN"
"stad_tcga_pan_can_atlas_2018","TCGA-HU-8608","STAD_EBV"
"stad_tcga_pan_can_atlas_2018","TCGA-HU-8610","STAD_GS"
"stad_tcga_pan_can_atlas_2018","TCGA-HU-A4G2","STAD_EBV"
"stad_tcga_pan_can_atlas_2018","TCGA-HU-A4G3","STAD_GS"
"stad_tcga_pan_can_atlas_2018","TCGA-HU-A4G6","STAD_EBV"
"stad_tcga_pan_can_atlas_2018","TCGA-HU-A4G8","STAD_MSI"
"stad_tcga_pan_can_atlas_2018","TCGA-HU-A4G9","STAD_MSI"
"stad_tcga_pan_can_atlas_2018","TCGA-HU-A4GC","STAD_CIN"
"stad_tcga_pan_can_atlas_2018","TCGA-HU-A4GD","STAD_CIN"
"stad_tcga_pan_can_atlas_2018","TCGA-HU-A4GF","STAD_CIN"
"stad_tcga_pan_can_atlas_2018","TCGA-HU-A4GH","STAD_POLE"
"stad_tcga_pan_can_atlas_2018","TCGA-HU-A4GN","STAD_MSI"
"stad_tcga_pan_can_atlas_2018","TCGA-HU-A4GP","STAD_CIN"
"stad_tcga_pan_can_atlas_2018","TCGA-HU-A4GQ","STAD_MSI"
"stad_tcga_pan_can_atlas_2018","TCGA-HU-A4GT","STAD_MSI"
"stad_tcga_pan_can_atlas_2018","TCGA-HU-A4GU","STAD_MSI"
"stad_tcga_pan_can_atlas_2018","TCGA-HU-A4GX","STAD_MSI"
"stad_tcga_pan_can_atlas_2018","TCGA-HU-A4GY","STAD_CIN"
"stad_tcga_pan_can_atlas_2018","TCGA-HU-A4H0","STAD_EBV"
"stad_tcga_pan_can_atlas_2018","TCGA-HU-A4H2","STAD_CIN"
"stad_tcga_pan_can_atlas_2018","TCGA-HU-A4H3","STAD_MSI"
"stad_tcga_pan_can_atlas_2018","TCGA-HU-A4H4","STAD_MSI"
"stad_tcga_pan_can_atlas_2018","TCGA-HU-A4H5","STAD_CIN"
"stad_tcga_pan_can_atlas_2018","TCGA-HU-A4H6","STAD_CIN"
"stad_tcga_pan_can_atlas_2018","TCGA-HU-A4H8","STAD_MSI"
"stad_tcga_pan_can_atlas_2018","TCGA-HU-A4HD","STAD_CIN"
"stad_tcga_pan_can_atlas_2018","TCGA-IN-7806","STAD_CIN"
"stad_tcga_pan_can_atlas_2018","TCGA-IN-7808","STAD_CIN"
"stad_tcga_pan_can_atlas_2018","TCGA-IN-8462","STAD_CIN"
"stad_tcga_pan_can_atlas_2018","TCGA-IN-8663","STAD_CIN"
"stad_tcga_pan_can_atlas_2018","TCGA-IN-A6RI","STAD_CIN"
"stad_tcga_pan_can_atlas_2018","TCGA-IN-A6RJ","STAD_CIN"
"stad_tcga_pan_can_atlas_2018","TCGA-IN-A6RL","STAD_POLE"
"stad_tcga_pan_can_atlas_2018","TCGA-IN-A6RN","STAD_CIN"
"stad_tcga_pan_can_atlas_2018","TCGA-IN-A6RO","STAD_CIN"
"stad_tcga_pan_can_atlas_2018","TCGA-IN-A6RR","STAD_CIN"
"stad_tcga_pan_can_atlas_2018","TCGA-IN-A6RS","STAD_CIN"
"stad_tcga_pan_can_atlas_2018","TCGA-IN-A7NR","STAD_CIN"
"stad_tcga_pan_can_atlas_2018","TCGA-IN-A7NT","STAD_CIN"
"stad_tcga_pan_can_atlas_2018","TCGA-IN-A7NU","STAD_CIN"
"stad_tcga_pan_can_atlas_2018","TCGA-IN-AB1V","STAD_CIN"
"stad_tcga_pan_can_atlas_2018","TCGA-IN-AB1X","STAD_CIN"
"stad_tcga_pan_can_atlas_2018","TCGA-IP-7968","STAD_CIN"
"stad_tcga_pan_can_atlas_2018","TCGA-KB-A6F7","STAD_CIN"
"stad_tcga_pan_can_atlas_2018","TCGA-KB-A93J","STAD_CIN"
"stad_tcga_pan_can_atlas_2018","TCGA-MX-A5UG","STAD_GS"
"stad_tcga_pan_can_atlas_2018","TCGA-MX-A5UJ","STAD_MSI"
"stad_tcga_pan_can_atlas_2018","TCGA-MX-A663","STAD_CIN"
"stad_tcga_pan_can_atlas_2018","TCGA-MX-A666","STAD_CIN"
"stad_tcga_pan_can_atlas_2018","TCGA-R5-A7O7","STAD_CIN"
"stad_tcga_pan_can_atlas_2018","TCGA-R5-A7ZE","STAD_CIN"
"stad_tcga_pan_can_atlas_2018","TCGA-R5-A7ZF","STAD_CIN"
"stad_tcga_pan_can_atlas_2018","TCGA-R5-A7ZI","STAD_MSI"
"stad_tcga_pan_can_atlas_2018","TCGA-R5-A7ZR","STAD_CIN"
"stad_tcga_pan_can_atlas_2018","TCGA-R5-A805","STAD_CIN"
"stad_tcga_pan_can_atlas_2018","TCGA-RD-A7BS","STAD_GS"
"stad_tcga_pan_can_atlas_2018","TCGA-RD-A7BW","STAD_CIN"
"stad_tcga_pan_can_atlas_2018","TCGA-RD-A7C1","STAD_CIN"
"stad_tcga_pan_can_atlas_2018","TCGA-RD-A8MV","STAD_CIN"
"stad_tcga_pan_can_atlas_2018","TCGA-RD-A8MW","STAD_CIN"
"stad_tcga_pan_can_atlas_2018","TCGA-RD-A8N0","STAD_GS"
"stad_tcga_pan_can_atlas_2018","TCGA-RD-A8N1","STAD_CIN"
"stad_tcga_pan_can_atlas_2018","TCGA-RD-A8N2","STAD_GS"
"stad_tcga_pan_can_atlas_2018","TCGA-RD-A8N4","STAD_GS"
"stad_tcga_pan_can_atlas_2018","TCGA-RD-A8N5","STAD_CIN"
"stad_tcga_pan_can_atlas_2018","TCGA-RD-A8N6","STAD_CIN"
"stad_tcga_pan_can_atlas_2018","TCGA-RD-A8N9","STAD_CIN"
"stad_tcga_pan_can_atlas_2018","TCGA-RD-A8NB","STAD_MSI"
"stad_tcga_pan_can_atlas_2018","TCGA-SW-A7EA","STAD_MSI"
"stad_tcga_pan_can_atlas_2018","TCGA-SW-A7EB","STAD_CIN"
"stad_tcga_pan_can_atlas_2018","TCGA-VQ-A8DT","STAD_GS"
"stad_tcga_pan_can_atlas_2018","TCGA-VQ-A8DU","STAD_CIN"
"stad_tcga_pan_can_atlas_2018","TCGA-VQ-A8DV","STAD_CIN"
"stad_tcga_pan_can_atlas_2018","TCGA-VQ-A8DZ","STAD_CIN"
"stad_tcga_pan_can_atlas_2018","TCGA-VQ-A8E0","STAD_CIN"
"stad_tcga_pan_can_atlas_2018","TCGA-VQ-A8E2","STAD_CIN"
"stad_tcga_pan_can_atlas_2018","TCGA-VQ-A8E3","STAD_MSI"
"stad_tcga_pan_can_atlas_2018","TCGA-VQ-A8E7","STAD_CIN"
"stad_tcga_pan_can_atlas_2018","TCGA-VQ-A8P2","STAD_MSI"
"stad_tcga_pan_can_atlas_2018","TCGA-VQ-A8P3","STAD_GS"
"stad_tcga_pan_can_atlas_2018","TCGA-VQ-A8P5","STAD_CIN"
"stad_tcga_pan_can_atlas_2018","TCGA-VQ-A8P8","STAD_GS"
"stad_tcga_pan_can_atlas_2018","TCGA-VQ-A8PB","STAD_MSI"
"stad_tcga_pan_can_atlas_2018","TCGA-VQ-A8PC","STAD_CIN"
"stad_tcga_pan_can_atlas_2018","TCGA-VQ-A8PD","STAD_GS"
"stad_tcga_pan_can_atlas_2018","TCGA-VQ-A8PE","STAD_CIN"
"stad_tcga_pan_can_atlas_2018","TCGA-VQ-A8PF","STAD_EBV"
"stad_tcga_pan_can_atlas_2018","TCGA-VQ-A8PH","STAD_CIN"
"stad_tcga_pan_can_atlas_2018","TCGA-VQ-A8PJ","STAD_CIN"
"stad_tcga_pan_can_atlas_2018","TCGA-VQ-A8PK","STAD_CIN"
"stad_tcga_pan_can_atlas_2018","TCGA-VQ-A8PM","STAD_CIN"
"stad_tcga_pan_can_atlas_2018","TCGA-VQ-A8PO","STAD_MSI"
"stad_tcga_pan_can_atlas_2018","TCGA-VQ-A8PP","STAD_MSI"
"stad_tcga_pan_can_atlas_2018","TCGA-VQ-A8PQ","STAD_GS"
"stad_tcga_pan_can_atlas_2018","TCGA-VQ-A8PU","STAD_CIN"
"stad_tcga_pan_can_atlas_2018","TCGA-VQ-A8PX","STAD_MSI"
"stad_tcga_pan_can_atlas_2018","TCGA-VQ-A91A","STAD_CIN"
"stad_tcga_pan_can_atlas_2018","TCGA-VQ-A91D","STAD_MSI"
"stad_tcga_pan_can_atlas_2018","TCGA-VQ-A91K","STAD_MSI"
"stad_tcga_pan_can_atlas_2018","TCGA-VQ-A91N","STAD_CIN"
"stad_tcga_pan_can_atlas_2018","TCGA-VQ-A91Q","STAD_CIN"
"stad_tcga_pan_can_atlas_2018","TCGA-VQ-A91S","STAD_CIN"
"stad_tcga_pan_can_atlas_2018","TCGA-VQ-A91U","STAD_CIN"
"stad_tcga_pan_can_atlas_2018","TCGA-VQ-A91V","STAD_CIN"
"stad_tcga_pan_can_atlas_2018","TCGA-VQ-A91W","STAD_EBV"
"stad_tcga_pan_can_atlas_2018","TCGA-VQ-A91X","STAD_CIN"
"stad_tcga_pan_can_atlas_2018","TCGA-VQ-A91Y","STAD_CIN"
"stad_tcga_pan_can_atlas_2018","TCGA-VQ-A91Z","STAD_CIN"
"stad_tcga_pan_can_atlas_2018","TCGA-VQ-A922","STAD_CIN"
"stad_tcga_pan_can_atlas_2018","TCGA-VQ-A923","STAD_EBV"
"stad_tcga_pan_can_atlas_2018","TCGA-VQ-A924","STAD_MSI"
"stad_tcga_pan_can_atlas_2018","TCGA-VQ-A925","STAD_CIN"
"stad_tcga_pan_can_atlas_2018","TCGA-VQ-A927","STAD_GS"
"stad_tcga_pan_can_atlas_2018","TCGA-VQ-A928","STAD_GS"
"stad_tcga_pan_can_atlas_2018","TCGA-VQ-A92D","STAD_CIN"
"stad_tcga_pan_can_atlas_2018","TCGA-VQ-A94O","STAD_CIN"
"stad_tcga_pan_can_atlas_2018","TCGA-VQ-A94P","STAD_CIN"
"stad_tcga_pan_can_atlas_2018","TCGA-VQ-A94R","STAD_CIN"
"stad_tcga_pan_can_atlas_2018","TCGA-VQ-A94T","STAD_CIN"
"stad_tcga_pan_can_atlas_2018","TCGA-VQ-A94U","STAD_CIN"
"stad_tcga_pan_can_atlas_2018","TCGA-VQ-AA64","STAD_CIN"
"stad_tcga_pan_can_atlas_2018","TCGA-VQ-AA68","STAD_CIN"
"stad_tcga_pan_can_atlas_2018","TCGA-VQ-AA69","STAD_EBV"
"stad_tcga_pan_can_atlas_2018","TCGA-VQ-AA6A","STAD_CIN"
"stad_tcga_pan_can_atlas_2018","TCGA-VQ-AA6B","STAD_CIN"
"stad_tcga_pan_can_atlas_2018","TCGA-VQ-AA6D","STAD_MSI"
"stad_tcga_pan_can_atlas_2018","TCGA-VQ-AA6F","STAD_CIN"
"stad_tcga_pan_can_atlas_2018","TCGA-VQ-AA6G","STAD_CIN"
"stad_tcga_pan_can_atlas_2018","TCGA-VQ-AA6I","STAD_CIN"
"stad_tcga_pan_can_atlas_2018","TCGA-VQ-AA6J","STAD_CIN"
"stad_tcga_pan_can_atlas_2018","TCGA-VQ-AA6K","STAD_CIN"
"stad_tcga_pan_can_atlas_2018","TCGA-ZA-A8F6","STAD_CIN"
"stad_tcga_pan_can_atlas_2018","TCGA-ZQ-A9CR","STAD_CIN"
"stad_tcga_pan_can_atlas_2018","TCGA-HJ-7597","STAD_MSI"
"stad_tcga_pan_can_atlas_2018","TCGA-BR-8360","STAD_MSI"
"stad_tcga_pan_can_atlas_2018","TCGA-FP-A4BE","STAD_MSI"
"stad_tcga_pan_can_atlas_2018","TCGA-BR-A4QL","STAD_MSI"
"stad_tcga_pan_can_atlas_2018","TCGA-VQ-A8PT","STAD_MSI"
"stad_tcga_pan_can_atlas_2018","TCGA-VQ-A91E","STAD_MSI"
"stad_tcga_pan_can_atlas_2018","TCGA-BR-4184","STAD_MSI"
"stad_tcga_pan_can_atlas_2018","TCGA-BR-4190","STAD_MSI"
"stad_tcga_pan_can_atlas_2018","TCGA-BR-4200","STAD_MSI"
"stad_tcga_pan_can_atlas_2018","TCGA-BR-4261","STAD_MSI"
"stad_tcga_pan_can_atlas_2018","TCGA-BR-4298","STAD_MSI"
"stad_tcga_pan_can_atlas_2018","TCGA-CG-4460","STAD_MSI"
"stad_tcga_pan_can_atlas_2018","TCGA-CG-5728","STAD_MSI"
"stad_tcga_pan_can_atlas_2018","TCGA-CG-5733","STAD_MSI"
